customerID,p_oof,MonthlyCharges,Contract
7590-VHVEG,0.7380751,29.85,Month-to-month
5575-GNVDE,0.044291507,56.95,One year
3668-QPYBK,0.39400375,53.85,Month-to-month
7795-CFOCW,0.062008772,42.3,One year
9237-HQITU,0.6684065,70.7,Month-to-month
9305-CDSKC,0.8056234,99.65,Month-to-month
1452-KIOVK,0.41750056,89.1,Month-to-month
6713-OKOMC,0.19548137,29.75,Month-to-month
7892-POOKP,0.51062894,104.8,Month-to-month
6388-TABGU,0.040746715,56.15,One year
9763-GRSKD,0.16842751,49.95,Month-to-month
7469-LKBCI,0.012844228,18.95,Two year
8091-TTVAX,0.23357102,100.35,One year
0280-XJGEX,0.45508295,103.7,Month-to-month
5129-JLPIS,0.4429325,105.5,Month-to-month
3655-SNQYZ,0.048545294,113.25,Two year
8191-XWSZG,0.025478128,20.65,One year
9959-WOFKT,0.077300645,106.7,Two year
4190-MFLUW,0.16153859,55.2,Month-to-month
4183-MYFRB,0.4854759,90.05,Month-to-month
8779-QRDMV,0.7643029,39.65,Month-to-month
1680-VDCWW,0.05070462,19.8,One year
1066-JKSGK,0.31686434,20.15,Month-to-month
3638-WEABW,0.024587082,59.9,Two year
6322-HRPFA,0.093211286,59.6,Month-to-month
6865-JZNKO,0.13618766,55.3,Month-to-month
6467-CHFZW,0.4975227,99.35,Month-to-month
8665-UTDHZ,0.5060269,30.2,Month-to-month
5248-YGIJN,0.01757802,90.25,Two year
8773-HHUOZ,0.23764898,64.7,Month-to-month
3841-NFECX,0.03421265,96.35,Two year
4929-XIHVW,0.7502173,95.5,Month-to-month
6827-IEAUQ,0.0447899,66.15,One year
7310-EGVHZ,0.28351665,20.2,Month-to-month
3413-BMNZE,0.65793335,45.25,Month-to-month
6234-RAAPL,0.044548027,99.9,Two year
6047-YHPVI,0.6734305,69.7,Month-to-month
6572-ADKRS,0.22386527,74.8,Month-to-month
5380-WJKOV,0.54482275,106.35,Month-to-month
8168-UQWWF,0.73002344,97.85,Month-to-month
8865-TNMNX,0.06493986,49.55,One year
9489-DEDVP,0.023713453,69.2,Two year
9867-JCZSP,0.034116197,20.75,One year
4671-VJLCL,0.020497922,79.85,Two year
4080-IIARD,0.24960709,76.2,Month-to-month
3714-NTNFO,0.3978385,84.5,Month-to-month
5948-UJZLF,0.39345732,49.25,Month-to-month
7760-OYPDY,0.7451248,80.65,Month-to-month
7639-LIAYI,0.025995458,79.75,Two year
2954-PIBKO,0.016546138,64.15,Two year
8012-SOUDQ,0.43081558,90.25,Month-to-month
9420-LOJKX,0.5046331,99.1,Month-to-month
6575-SUVOI,0.17872153,69.5,Month-to-month
7495-OOKFY,0.5926658,80.65,Month-to-month
4667-QONEA,0.061215352,74.85,One year
1658-BYGOY,0.63792366,95.45,Month-to-month
8769-KKTPH,0.16710296,99.65,One year
5067-XJQFU,0.21641944,108.45,One year
3957-SQXML,0.014228511,24.95,Two year
5954-BDFSG,0.079692505,107.5,Two year
0434-CSFON,0.5235421,100.5,Month-to-month
1215-FIGMP,0.31496105,89.9,Month-to-month
0526-SXDJP,0.026471991,42.1,Two year
0557-ASKVU,0.081392385,54.4,One year
5698-BQJOH,0.72565246,94.4,Month-to-month
5122-CYFXA,0.37079352,75.3,Month-to-month
8627-ZYGSZ,0.14363724,78.9,One year
3410-YOQBQ,0.025201652,79.2,Two year
3170-NMYVV,0.013260673,20.15,Two year
7410-OIEDU,0.40193552,79.85,Month-to-month
2273-QCKXA,0.46910465,49.05,Month-to-month
0731-EBJQB,0.049195036,20.4,One year
1891-QRQSA,0.089389026,111.6,Two year
8028-PNXHQ,0.010833288,24.25,Two year
5630-AHZIL,0.33408013,64.5,Month-to-month
2673-CXQEU,0.26879153,110.5,One year
6416-JNVRK,0.11100606,55.65,One year
5590-ZSKRV,0.14562783,54.65,Month-to-month
0191-ZHSKZ,0.23072375,74.75,Month-to-month
3887-PBQAO,0.046897724,25.9,One year
5919-TMRGD,0.8587085,79.35,Month-to-month
8108-UXRQN,0.24027638,50.55,Month-to-month
9191-MYQKX,0.4930241,75.15,Month-to-month
9919-YLNNG,0.34455332,103.8,Month-to-month
0318-ZOPWS,0.015830109,20.15,Two year
4445-ZJNMU,0.76693493,99.3,Month-to-month
4808-YNLEU,0.08025273,62.15,One year
1862-QRWPE,0.012239857,20.65,Two year
2796-NNUFI,0.015732199,19.95,Two year
3016-KSVCP,0.20008624,33.75,Month-to-month
4767-HZZHQ,0.21893969,82.05,Month-to-month
2424-WVHPL,0.7751706,74.7,Month-to-month
7233-PAHHL,0.019469788,84.0,Two year
6067-NGCEU,0.24212076,111.05,Month-to-month
9848-JQJTX,0.10219149,100.9,Two year
8637-XJIVR,0.57915753,78.95,Month-to-month
9803-FTJCG,0.033150252,66.85,One year
0278-YXOOG,0.103937425,21.05,Month-to-month
3212-KXOCR,0.010647416,21.0,Two year
4598-XLKNJ,0.62136906,98.5,Month-to-month
6380-ARCEH,0.34297436,20.2,Month-to-month
3679-XASPY,0.3021083,19.45,Month-to-month
7123-WQUHX,0.08745745,95.0,One year
5386-THSLQ,0.07611645,45.55,One year
3192-NQECA,0.088166274,110.0,Two year
6180-YBIQI,0.36143422,24.3,Month-to-month
6728-DKUCO,0.22465996,104.15,One year
9750-BOOHV,0.062163778,30.15,One year
8597-CWYHH,0.15486711,94.35,One year
2848-YXSMW,0.008458227,19.4,Two year
0486-HECZI,0.36584872,96.75,Month-to-month
4549-ZDQYY,0.04649242,57.95,One year
5712-AHQNN,0.35092077,91.65,Month-to-month
4846-WHAFZ,0.5133092,76.5,Month-to-month
5256-SKJGO,0.06958933,54.6,Two year
3071-VBYPO,0.54009056,89.85,Month-to-month
9560-BBZXK,0.026472932,31.05,Two year
5299-RULOA,0.77135885,100.25,Month-to-month
8402-OOOHJ,0.0134610925,20.65,Two year
9445-ZUEQE,0.31260103,85.2,Month-to-month
1091-SOZGA,0.24918768,99.8,One year
2928-HLDBA,0.15297173,20.7,Month-to-month
0404-SWRVG,0.7212316,74.4,Month-to-month
6497-TILVL,0.15373221,50.7,Month-to-month
7219-TLZHO,0.14116184,20.85,Month-to-month
4622-YNKIJ,0.07776051,88.95,Two year
4412-YLTKF,0.56335664,78.05,Month-to-month
6734-PSBAW,0.012764744,23.55,Two year
3930-ZGWVE,0.301523,19.75,Month-to-month
2639-UGMAZ,0.13569237,56.45,One year
2876-GZYZC,0.6018824,85.95,Month-to-month
6207-WIOLX,0.19453736,58.6,Month-to-month
8587-XYZSF,0.023051724,50.55,Two year
3091-FYHKI,0.72726995,35.45,Month-to-month
2372-HWUHI,0.45390978,44.35,Month-to-month
7799-LGRDP,0.01940282,25.7,Two year
7850-VWJUU,0.27380094,75.0,Month-to-month
3774-VBNXY,0.009338864,20.2,Two year
6217-KDYWC,0.012589868,19.6,Two year
0390-DCFDQ,0.7498077,70.45,Month-to-month
3146-MSEGF,0.021477891,88.05,Two year
4080-OGPJL,0.19425681,71.15,Month-to-month
1095-WGNGG,0.0974114,101.05,Two year
2636-SJDOU,0.06519146,84.3,One year
1131-QQZEB,0.013172409,23.95,Two year
5716-EZXZN,0.055265184,99.05,Two year
6837-BJYDQ,0.06536037,19.6,One year
2135-RXIHG,0.6538441,45.65,Month-to-month
6440-DKQGE,0.053458076,64.5,One year
3466-BYAVD,0.16436309,69.5,Month-to-month
3780-YVMFA,0.30082762,68.55,Month-to-month
3874-EQOEP,0.6113022,95.0,Month-to-month
1679-JRFBR,0.14108045,108.15,One year
9073-ZZIAY,0.0301535,86.1,Two year
3077-RSNTJ,0.09987655,19.7,Month-to-month
6551-GNYDG,0.55628616,80.9,Month-to-month
9167-APMXZ,0.45117912,84.15,Month-to-month
2749-CTKAJ,0.028475666,20.15,One year
6371-NZYEG,0.025536945,64.25,Two year
7554-NEWDD,0.020212507,25.7,Two year
8992-VONJD,0.19466886,56.0,Month-to-month
0867-MKZVY,0.35414,82.4,Month-to-month
4482-EWFMI,0.7316198,69.7,Month-to-month
4648-YPBTM,0.023553992,73.9,Two year
2907-ILJBN,0.035089016,20.6,One year
6345-FZOQH,0.00909004,19.9,Two year
3376-BMGFE,0.5159776,70.9,Month-to-month
5997-OPVFA,0.019847486,89.05,Two year
3445-HXXGF,0.28489485,45.3,Month-to-month
1159-WFSGR,0.086678624,20.4,Month-to-month
7654-YWJUF,0.051778257,84.25,One year
1875-QIVME,0.8026897,104.4,Month-to-month
6727-IOTLZ,0.031454608,81.95,Two year
0691-JVSYA,0.15656994,94.85,One year
5918-VUKWP,0.026677394,20.55,One year
1744-JHKYS,0.08708817,24.7,Month-to-month
2656-FMOKZ,0.61873895,74.45,Month-to-month
2070-FNEXE,0.44720018,76.45,Month-to-month
5947-SGKCL,0.58706146,105.35,Month-to-month
3712-PKXZA,0.029408032,20.55,One year
6317-YPKDH,0.47188753,29.95,Month-to-month
6582-OIVSP,0.51710546,45.3,Month-to-month
9367-WXLCH,0.5642633,84.5,Month-to-month
5524-KHNJP,0.099116445,74.75,One year
1918-ZBFQJ,0.58110344,79.25,Month-to-month
1024-GUALD,0.6733964,24.8,Month-to-month
4827-USJHP,0.22490376,51.8,Month-to-month
8167-GJLRN,0.47124702,30.4,Month-to-month
0956-SYCWG,0.05728366,19.65,One year
8017-UVSZU,0.13580853,56.6,Month-to-month
7100-FQPRV,0.097963534,71.9,One year
2472-OVKUP,0.64619535,91.0,Month-to-month
2984-RGEYA,0.010383066,19.75,Two year
9680-NIAUV,0.044907924,109.7,Two year
2146-EGVDT,0.010377859,19.3,Two year
2604-IJPDU,0.4321866,96.55,Month-to-month
9178-JHUVJ,0.018289613,24.1,Two year
6168-YBYNP,0.4215256,111.35,Month-to-month
7255-SSFBC,0.078104414,112.25,Two year
3645-DEYGF,0.28266606,20.75,Month-to-month
9323-HGFWY,0.26887387,101.9,One year
8544-GOQSH,0.43177733,80.05,Month-to-month
3363-DTIVD,0.11628995,105.55,Two year
7018-WBJNK,0.52324426,78.3,Month-to-month
9142-KZXOP,0.21301466,68.85,Month-to-month
7674-YTAFD,0.120475225,79.95,One year
6348-SNFUS,0.01490593,55.45,Two year
1285-OKIPP,0.7915678,79.9,Month-to-month
7825-ECJRF,0.47464845,106.6,Month-to-month
1347-KTTTA,0.15669478,102.45,One year
7841-TZDMQ,0.47251436,46.0,Month-to-month
4195-NZGTA,0.58379656,25.25,Month-to-month
7157-SMCFK,0.010371831,19.75,Two year
4709-LKHYG,0.033958245,20.0,One year
2504-DSHIH,0.4847501,86.8,Month-to-month
0699-NDKJM,0.14450046,58.75,Month-to-month
9286-BHDQG,0.02083407,45.25,Two year
0230-WEQUW,0.022065295,56.6,Two year
2040-LDIWQ,0.02522625,84.2,Two year
6496-JDSSB,0.57738996,80.0,Month-to-month
9408-SSNVZ,0.6695655,70.15,Month-to-month
4443-EMBNA,0.011059319,24.75,Two year
6469-MRVET,0.30168927,20.2,One year
0742-MOABM,0.269068,50.05,Month-to-month
5961-VUSRV,0.056934282,19.35,One year
6778-JFCMK,0.12585618,50.6,One year
6341-JVQGF,0.08147436,81.15,One year
2232-DMLXU,0.5176665,55.2,Month-to-month
4811-JBUVU,0.35612655,89.9,Month-to-month
0945-TSONX,0.019509485,85.3,Two year
2651-ZCBXV,0.11506368,108.0,Two year
3316-UWXUY,0.18154286,93.5,Month-to-month
8937-RDTHP,0.6189994,84.6,Month-to-month
7083-MIOPC,0.008533326,20.25,Two year
1984-GPTEH,0.0866125,25.15,Month-to-month
1251-KRREG,0.45437157,54.4,Month-to-month
0621-JFHOL,0.056136325,29.6,Two year
9903-LYSAB,0.5566187,73.15,Month-to-month
0094-OIFMO,0.71634394,95.0,Month-to-month
9227-UAQFT,0.015548289,19.75,Two year
7301-ABVAD,0.019920139,86.6,Two year
6614-FHDBO,0.086184554,109.2,Two year
7576-ASEJU,0.11014218,74.7,One year
9058-HRZSV,0.16670421,94.4,Month-to-month
4522-AKYLR,0.33649775,54.8,Month-to-month
0221-WMXNQ,0.5360305,75.35,Month-to-month
0303-UNCIP,0.09711145,65.0,One year
9947-OTFQU,0.6151971,74.4,Month-to-month
0322-YINQP,0.44240203,48.55,Month-to-month
0959-WHOKV,0.22380708,99.0,One year
4075-JFPGR,0.119739,93.5,One year
4629-NRXKX,0.6142344,70.4,Month-to-month
9514-JDSKI,0.6774786,40.2,Month-to-month
3282-ZISZV,0.09699001,83.7,One year
3675-YDUPJ,0.13935861,19.85,Month-to-month
4111-BNXIF,0.029651092,59.55,Two year
7017-VFHAY,0.047832333,115.1,Two year
6655-LHBYW,0.1906453,114.35,One year
4959-JOSRX,0.6179249,44.6,Month-to-month
5046-NUHWD,0.3376484,45.0,Month-to-month
7273-TEFQD,0.64607024,41.15,Month-to-month
3606-TWKGI,0.6801912,106.9,Month-to-month
7529-ZDFXI,0.4055728,89.85,Month-to-month
7605-BDWDC,0.021251315,49.85,Two year
1950-KSVVJ,0.18977861,113.3,One year
0123-CRBRT,0.015633974,88.1,Two year
6292-TOSSS,0.016818644,24.9,Two year
3197-ARFOY,0.41554102,105.0,Month-to-month
6323-AYBRX,0.011947733,19.35,Two year
7014-ZZXAW,0.014075308,24.25,Two year
4385-GZQXV,0.5658022,94.45,Month-to-month
7633-MVPUY,0.031115318,59.75,Two year
6366-ZGQGL,0.44872737,24.8,Month-to-month
4716-HHKQH,0.5322749,107.05,Month-to-month
5940-AHUHD,0.7052774,70.6,Month-to-month
6432-TWQLB,0.6439859,85.4,Month-to-month
4484-GLZOU,0.5086575,105.05,Month-to-month
3179-GBRWV,0.17796357,64.95,Month-to-month
8645-KWHJO,0.31940386,55.0,Month-to-month
4130-MZLCC,0.27599835,50.55,Month-to-month
0314-TKOSI,0.15964808,55.15,Month-to-month
8229-MYEJZ,0.23282626,51.2,Month-to-month
2080-SRCDE,0.2678798,25.4,Month-to-month
9577-WJVCQ,0.08083776,54.45,Month-to-month
9512-UIBFX,0.3633254,95.15,Month-to-month
6202-DYYFX,0.14703341,76.0,One year
3808-HFKDE,0.27168155,44.35,Month-to-month
5583-SXDAG,0.7434862,70.0,Month-to-month
3488-PGMQJ,0.6107932,74.5,Month-to-month
3580-REOAC,0.21403942,44.85,Month-to-month
7534-BFESC,0.5255055,76.1,Month-to-month
3727-OWVYD,0.03955608,61.2,One year
2294-SALNE,0.07484854,86.8,One year
4847-TAJYI,0.70371515,89.35,Month-to-month
1563-IWQEX,0.11472054,19.7,Month-to-month
8203-XJZRC,0.29123053,20.25,Month-to-month
6556-DBKZF,0.056675814,76.05,Two year
6851-WEFYX,0.5281967,100.8,Month-to-month
2985-JUUBZ,0.306833,74.55,Month-to-month
6390-DSAZX,0.6181333,73.6,Month-to-month
0895-LMRSF,0.13736969,64.9,One year
8098-LLAZX,0.8456594,95.45,Month-to-month
8266-VBFQL,0.66191375,90.4,Month-to-month
8181-YHCMF,0.021813253,60.3,Two year
2240-HSJQD,0.31992257,81.85,Month-to-month
1248-DYXUB,0.012787906,24.8,Two year
0265-EDXBD,0.5239425,74.9,Month-to-month
4115-BNPJY,0.022738006,75.55,Two year
3167-SNQPL,0.42442608,101.15,Month-to-month
4091-TVOCN,0.094568364,78.75,One year
1098-TDVUQ,0.35470948,19.25,Month-to-month
7277-OZCGZ,0.3171181,89.05,Month-to-month
1557-EMYVT,0.08511863,115.05,Two year
2799-ARNLO,0.6478299,69.35,Month-to-month
7563-BIUPC,0.65091014,80.6,Month-to-month
5027-YOCXN,0.19808404,110.05,One year
3973-SKMLN,0.0099589275,19.9,Two year
2321-OMBXY,0.06491987,80.3,One year
2840-XANRC,0.5673883,93.15,Month-to-month
6745-JEFZB,0.35619822,91.5,Month-to-month
5020-ZSTTY,0.10001116,82.45,One year
9880-TDQAC,0.030180352,60.0,Two year
8705-WZCYL,0.6553872,44.8,Month-to-month
7102-JJVTX,0.05234243,48.6,One year
8626-PTQGE,0.020646084,60.05,Two year
4983-CLMLV,0.36307302,102.7,Month-to-month
5701-YVSVF,0.61547583,82.9,Month-to-month
5804-LEPIM,0.69921786,70.35,Month-to-month
5697-GOMBF,0.45540217,35.9,Month-to-month
2739-CACDQ,0.57386726,82.65,Month-to-month
9385-EHGDO,0.015913857,19.85,Two year
9498-FIMXL,0.072236836,19.2,One year
2379-GYFLQ,0.1490341,94.9,One year
0122-OAHPZ,0.6316492,73.85,Month-to-month
2868-SNELZ,0.603489,80.6,Month-to-month
4322-RCYMT,0.0679541,75.8,One year
6680-NENYN,0.21196875,104.6,Two year
2088-IEBAU,0.02532456,88.15,Two year
7982-VCELR,0.31158835,94.8,Month-to-month
1343-EHPYB,0.42962998,103.4,Month-to-month
6035-BXTTY,0.14155547,54.65,Month-to-month
6885-PKOAM,0.020127682,85.75,Two year
7520-HQWJU,0.09386973,67.45,Month-to-month
9639-BUJXT,0.018845469,20.5,One year
5924-SNGKP,0.03691249,20.25,One year
0021-IKXGC,0.87419415,72.1,Month-to-month
2034-GDRCN,0.82435024,90.4,Month-to-month
8966-SNIZF,0.008504542,19.45,Two year
6243-OZGFH,0.4558136,44.95,Month-to-month
4654-DLAMQ,0.09272502,97.0,One year
0513-RBGPE,0.022943754,62.8,Two year
5160-UXJED,0.06458694,44.6,One year
4115-NZRKS,0.73404807,89.15,Month-to-month
0219-YTZUE,0.58885133,84.8,Month-to-month
0623-IIHUG,0.29988387,41.9,Month-to-month
4572-DVCGN,0.5294757,80.25,Month-to-month
3351-NGXYI,0.26971418,54.1,Month-to-month
8984-EYLLL,0.1250321,105.25,Two year
9057-MSWCO,0.18653917,30.75,Month-to-month
9833-TGFHX,0.21896023,97.1,One year
9294-TDIPC,0.10874686,20.2,Month-to-month
5229-DTFYB,0.04793404,98.8,Two year
0104-PPXDV,0.051763136,50.3,One year
5176-LMJXE,0.015167125,20.55,Two year
3583-KRKMD,0.360036,75.9,Month-to-month
1010-DIAUQ,0.61909056,96.5,Month-to-month
9069-LGEUL,0.160263,59.95,Month-to-month
7302-ZHMHP,0.29228154,19.15,Month-to-month
9571-EDEBV,0.22862251,98.65,One year
3520-FJGCV,0.042462584,112.6,Two year
6563-VRERX,0.026414689,20.6,One year
0259-GBZSH,0.8011956,85.65,Month-to-month
6122-EFVKN,0.018404046,35.75,Two year
2805-EDJPQ,0.16429512,99.75,One year
6862-CQUMB,0.36344334,96.1,Month-to-month
7156-MXBJE,0.10196457,85.1,One year
6158-HDPXZ,0.41700113,25.35,Month-to-month
9601-BRXPO,0.4550807,104.95,Month-to-month
2863-IMQDR,0.029644135,89.65,Two year
5686-CMAWK,0.2315392,86.75,One year
5651-CRHKQ,0.091213636,86.2,One year
6905-NIQIN,0.44922528,50.65,Month-to-month
8204-YJCLA,0.020294765,64.8,Two year
5167-ZFFMM,0.8181181,90.85,Month-to-month
6583-SZVGP,0.19519313,108.1,Two year
4895-TMWIR,0.10348719,19.95,Month-to-month
0533-BNWKF,0.36703897,85.45,Month-to-month
1708-PBBOA,0.121763304,54.75,One year
8782-LKFPK,0.33751184,90.4,Month-to-month
5522-JBWMO,0.52005345,44.0,Month-to-month
3597-MVHJT,0.49351406,95.6,Month-to-month
9774-NRNAU,0.21255764,84.8,Month-to-month
0224-RLWWD,0.7066931,44.3,Month-to-month
9967-ATRFS,0.061957702,19.9,Month-to-month
3951-NJCVI,0.51642823,95.05,Month-to-month
2977-CEBSX,0.016663367,90.05,Two year
0177-PXBAT,0.3483177,109.9,Month-to-month
6599-CEBNN,0.3086794,73.95,Month-to-month
2519-ERQOJ,0.25593513,54.6,Month-to-month
5876-QMYLD,0.029025448,20.05,One year
2277-AXSDC,0.028314712,19.75,One year
9442-JTWDL,0.044738006,20.05,One year
0979-PHULV,0.29917628,99.45,Month-to-month
3067-SVMTC,0.03463332,55.9,One year
5495-GPSRW,0.017428098,19.7,Two year
7606-BPHHN,0.0131897945,19.8,Two year
4742-DRORA,0.09212767,95.4,One year
0111-KLBQG,0.45610106,93.95,Month-to-month
4800-VHZKI,0.36043665,19.9,Month-to-month
7989-CHGTL,0.38972083,19.6,Month-to-month
0334-GDDSO,0.7564393,81.35,Month-to-month
4163-NCJAK,0.05064718,24.45,One year
5233-AOZUF,0.49488375,74.95,Month-to-month
5973-EJGDP,0.27455574,87.35,Month-to-month
1996-DBMUS,0.27065387,70.65,Month-to-month
7916-VCCPB,0.3210311,73.25,Month-to-month
4686-GEFRM,0.0386059,98.7,Two year
5249-QYHEX,0.017547997,24.8,Two year
0578-SKVMF,0.33448493,83.3,Month-to-month
5564-NEMQO,0.75133103,75.3,Month-to-month
2233-FAGXV,0.15658985,24.3,Month-to-month
5605-IYGFG,0.48565224,69.85,Month-to-month
7663-ZTEGJ,0.21382871,100.55,One year
3935-TBRZZ,0.030640425,25.7,One year
8111-BKVDS,0.1794376,40.7,Month-to-month
2055-SIFSS,0.16622485,51.65,Month-to-month
2806-MLNTI,0.28650928,105.1,One year
8734-DKSTZ,0.66888815,85.95,Month-to-month
4360-PNRQB,0.38267785,75.6,Month-to-month
6152-ONASV,0.036760584,58.25,One year
9063-ZGTUY,0.066983044,19.4,Month-to-month
7781-HVGMK,0.018105036,65.2,Two year
2181-UAESM,0.42208308,53.45,Month-to-month
2957-LOLHO,0.2270882,45.4,Month-to-month
6048-NJXHX,0.052256074,19.75,Two year
2320-SLKMB,0.1991323,44.45,Month-to-month
4980-URKXC,0.025410268,20.85,One year
4376-KFVRS,0.052760743,114.05,Two year
5886-VLQVU,0.35056534,89.85,Month-to-month
3577-AMVUX,0.47235546,55.05,Month-to-month
0771-WLCLA,0.5690657,112.95,Month-to-month
5628-RKIFK,0.36647454,101.55,Month-to-month
0206-TBWLC,0.21720926,114.65,One year
2937-FTHUR,0.1723543,64.8,Month-to-month
1910-FMXJM,0.39703673,80.4,Month-to-month
7752-XUSCI,0.48802936,105.9,Month-to-month
4110-PFEUZ,0.68548954,69.55,Month-to-month
0732-OCQOC,0.018939625,25.05,Two year
5168-MSWXT,0.6902167,94.75,Month-to-month
1090-ESELR,0.056092948,105.5,Two year
8592-PLTMQ,0.023993565,24.7,One year
5760-WRAHC,0.1680885,69.75,Month-to-month
8847-GEOOQ,0.1415724,60.2,Month-to-month
0256-LTHVJ,0.49011382,81.05,Month-to-month
4785-FCIFB,0.010987135,24.4,Two year
8313-NDOIA,0.60056174,104.15,Month-to-month
5149-CUZUJ,0.109472595,92.9,One year
0942-KOWSM,0.022633277,80.8,Two year
4237-CLSMM,0.21081324,20.0,Month-to-month
1452-VOQCH,0.85339844,75.1,Month-to-month
4719-UMSIY,0.14140002,19.65,Month-to-month
6614-VBEGU,0.20277445,69.45,Month-to-month
0880-TKATG,0.69731945,101.15,Month-to-month
3811-VBYBZ,0.7908468,99.8,Month-to-month
1480-BKXGA,0.04641464,116.05,Two year
2996-XAUVF,0.024296647,40.05,Two year
9076-AXYIK,0.11710844,102.1,Two year
5968-XQIVE,0.15968359,89.7,One year
8896-RAZCR,0.012230774,19.9,Two year
4640-UHDOS,0.23219302,55.95,Month-to-month
4933-IKULF,0.042783678,20.65,One year
3583-EKAPL,0.684953,55.0,Month-to-month
1304-BCCFO,0.24955925,70.05,Month-to-month
4104-PVRPS,0.08736858,53.6,Month-to-month
9399-APLBT,0.8036369,74.7,Month-to-month
2359-KMGLI,0.49131995,80.25,Month-to-month
3780-DDGSE,0.23901772,76.05,Month-to-month
4431-EDMIQ,0.23979905,75.7,Month-to-month
0306-JAELE,0.7074814,96.1,Month-to-month
6227-HWPWX,0.38062844,69.0,Month-to-month
0486-LGCCH,0.017713327,19.65,Two year
0447-BEMNG,0.1838939,45.3,Month-to-month
4612-SSVHJ,0.5220613,81.45,Month-to-month
5168-MQQCA,0.18258376,108.5,One year
5949-XIKAE,0.6209561,83.55,Month-to-month
7971-HLVXI,0.044511408,84.5,Two year
9094-AZPHK,0.77314615,100.15,Month-to-month
3649-JPUGY,0.026458943,88.6,Two year
4472-LVYGI,0.09330657,52.55,Two year
8372-JUXUI,0.83483267,74.35,Month-to-month
3552-CTCYF,0.097749546,104.8,Two year
6778-YSNIH,0.62427783,59.0,Month-to-month
0388-EOPEX,0.58855444,74.4,Month-to-month
5756-OZRIO,0.067398466,64.05,One year
6579-JPICP,0.31686434,20.4,Month-to-month
8205-OTCHB,0.14975739,43.75,One year
4134-BSXLX,0.085902266,60.9,Month-to-month
0505-SPOOW,0.010981395,19.8,Two year
6235-VDHOM,0.5181556,28.45,Month-to-month
7783-YKGDV,0.61430293,99.7,Month-to-month
4374-YMUSQ,0.2159683,116.25,One year
4513-CXYIX,0.041475464,80.7,Two year
3957-HHLMR,0.05143754,65.2,One year
7803-XOCCZ,0.16550325,84.05,Month-to-month
5736-YEJAX,0.01449949,79.45,Two year
5609-CEBID,0.58133835,94.1,Month-to-month
8981-FJGLA,0.5562248,78.0,Month-to-month
7218-HKQFK,0.7518493,94.2,Month-to-month
4636-QRJKY,0.6197121,80.5,Month-to-month
1135-LMECX,0.29371142,19.85,Month-to-month
4332-MUOEZ,0.18462409,94.3,One year
8535-SFUTN,0.40946332,106.45,Month-to-month
5956-VKDTT,0.747728,74.35,Month-to-month
8677-HDZEE,0.3725452,105.45,Month-to-month
2475-MROZF,0.31404522,95.0,Month-to-month
9412-GHEEC,0.30677864,104.8,Month-to-month
3482-ABPKK,0.042181373,54.3,One year
6705-LXORM,0.59359246,70.05,Month-to-month
0257-ZESQC,0.3086102,75.2,Month-to-month
7531-GQHME,0.10220887,20.05,Month-to-month
5174-ITUMV,0.35759684,105.4,One year
4109-CYRBD,0.30315882,51.6,Month-to-month
0913-XWSCN,0.25048164,85.5,Month-to-month
6825-UYPFK,0.27883077,75.6,Month-to-month
8397-MVTAZ,0.5347554,100.05,Month-to-month
0750-EBAIU,0.110261574,91.25,One year
8606-CIQUL,0.04400615,115.75,Two year
3571-DPYUH,0.09064802,94.7,One year
7601-GNDYK,0.012998748,19.6,Two year
0356-OBMAC,0.0969239,99.9,Two year
8067-NIOYM,0.015088635,21.1,Two year
1403-GYAFU,0.00801754,20.05,Two year
4234-XTNEA,0.805945,79.95,Month-to-month
1297-VQDRP,0.24734749,107.15,One year
9282-IZGQK,0.8546283,85.0,Month-to-month
5348-CAGXB,0.7402588,89.55,Month-to-month
0621-HJWXJ,0.20109268,81.55,Month-to-month
5844-QVTAT,0.056514844,58.45,One year
8905-IAZPF,0.17717606,95.65,One year
5394-MEITZ,0.025132887,80.6,Two year
6859-QNXIQ,0.03568253,113.1,Two year
2782-LFZVW,0.27217603,58.95,Month-to-month
2866-IKBTM,0.28442067,19.55,Month-to-month
1342-JPNKI,0.63471854,86.05,Month-to-month
2817-NTQDO,0.19390966,45.55,Month-to-month
7129-AZJDE,0.21115305,78.95,One year
6986-IJDHX,0.30752942,86.3,Month-to-month
2560-PPCHE,0.19761553,105.05,One year
4676-MQUEA,0.15768814,101.9,One year
8138-EALND,0.10138308,19.75,Month-to-month
3580-HYCSP,0.058775358,110.3,Two year
1352-HNSAW,0.048519254,115.6,Two year
2075-PUEPR,0.012321688,19.35,Two year
1982-FEBTD,0.017130123,25.6,Two year
5301-GAUUY,0.3511128,80.35,Month-to-month
5791-KAJFD,0.0758081,68.75,One year
2654-VBVPB,0.3221183,19.9,Month-to-month
1154-HYWWO,0.059365034,70.6,One year
2501-XWWTZ,0.4489803,70.2,Month-to-month
3716-UVSPD,0.58515483,49.3,Month-to-month
6815-ABQFQ,0.2916079,107.25,One year
7343-EOBEU,0.21922785,23.6,Month-to-month
3701-SFMUH,0.19803458,69.7,Month-to-month
6103-LIANB,0.10143557,99.5,Two year
7319-VENRZ,0.22822785,64.3,Month-to-month
5846-NEQVZ,0.015701195,70.85,Two year
6967-QIQRV,0.35456863,101.9,One year
5781-RFZRP,0.01600494,73.5,Two year
0939-YAPAF,0.49617139,100.25,Month-to-month
0308-IVGOK,0.12083247,40.4,One year
7293-LSCDV,0.017982353,19.25,Two year
7025-WCBNE,0.03007791,59.6,Two year
5756-JYOJT,0.11345315,64.9,One year
4710-FDUIZ,0.18803158,100.3,One year
6030-REHUX,0.5213773,110.85,Month-to-month
9548-LIGTA,0.017168066,81.05,Two year
5150-LJNSR,0.12489393,98.05,One year
8270-RKSAP,0.60658145,70.5,Month-to-month
6522-YRBXD,0.44446817,94.55,Month-to-month
2640-LYMOV,0.2916937,19.65,Month-to-month
1218-VKFPE,0.095771275,19.0,Month-to-month
3627-FHKBK,0.6647162,75.3,Month-to-month
2865-TCHJW,0.7878727,89.2,Month-to-month
1423-BMPBQ,0.2722579,19.0,Month-to-month
2393-DIVAI,0.20051448,20.0,Month-to-month
5192-EBGOV,0.8748904,85.7,Month-to-month
4568-KNYWR,0.024600064,63.25,Two year
8752-IMQOS,0.054717086,20.1,One year
0742-LAFQK,0.082535,99.15,Two year
0795-LAFGP,0.030800357,90.4,Two year
0619-OLYUR,0.049744587,111.9,Two year
5512-IDZEI,0.04749713,24.9,One year
0459-SPZHJ,0.01689103,83.5,Two year
0215-BQKGS,0.24675292,84.3,Month-to-month
9244-ZVAPM,0.5105638,45.6,Month-to-month
0719-SYFRB,0.21163268,61.65,Month-to-month
8208-EUMTE,0.025073476,54.85,Two year
5172-MIGPM,0.25747678,65.55,Month-to-month
1710-RCXUS,0.17426091,90.35,One year
0374-FIUCA,0.01112592,20.4,Two year
5839-SUYVZ,0.43600795,74.55,Month-to-month
5173-ZXXXL,0.06893431,19.95,One year
1096-ADRUX,0.0695282,74.25,One year
2001-MCUUW,0.19875039,108.65,Two year
2731-GJRDG,0.2620346,109.55,One year
4723-BEGSG,0.019422807,86.65,Two year
6516-NKQBO,0.028053386,81.0,Two year
8672-OAUPW,0.039940413,47.85,One year
8207-DMRVL,0.044140913,114.55,Two year
3419-SNJJD,0.23864582,105.25,Month-to-month
6543-CPZMK,0.3495462,29.95,Month-to-month
4765-OXPPD,0.11827635,65.0,Month-to-month
2804-ETQDK,0.008964587,20.55,Two year
6689-VRRTK,0.27649325,109.8,One year
7138-GIRSH,0.02132871,69.5,Two year
9396-ZSFLL,0.20398553,48.85,Month-to-month
6464-KEXXH,0.36912203,25.25,Month-to-month
7134-MJPDY,0.19512732,102.85,One year
5240-CAOYT,0.1693661,87.55,Month-to-month
4059-IIEBK,0.5818399,78.55,Month-to-month
4881-JVQOD,0.3402508,34.55,Month-to-month
0516-UXRMT,0.10302324,92.05,One year
4851-BQDNX,0.1532673,85.05,One year
5148-HKFIR,0.010787976,19.7,Two year
1009-IRMNA,0.12665297,20.0,Month-to-month
3003-CMDUU,0.4551596,95.15,Month-to-month
5016-IBERQ,0.4036751,84.25,Month-to-month
6797-UCJHZ,0.19122018,104.6,One year
2469-DTSGX,0.08374081,111.65,Two year
4554-YGZIH,0.32916906,90.05,Month-to-month
5099-BAILX,0.35075784,110.75,Month-to-month
9931-KGHOA,0.13768259,55.0,Month-to-month
1775-KWJKQ,0.018058958,89.85,Two year
7665-VIGUD,0.0464312,20.35,One year
9411-TPQQV,0.0969204,54.55,One year
7207-RMRDB,0.4132073,105.5,Month-to-month
7954-MLBUN,0.08576297,99.45,Two year
2077-DDHJK,0.015170687,70.9,Two year
4913-EHYUI,0.1856136,104.55,One year
0195-IESCP,0.7084175,85.25,Month-to-month
9574-BOSMD,0.008654015,25.4,Two year
4580-TMHJU,0.18805951,56.15,Month-to-month
0970-ETWGE,0.84830093,89.55,Month-to-month
4908-XAXAY,0.15863346,89.85,One year
8404-VLQFB,0.14238837,25.25,Month-to-month
1626-ERCMM,0.6619537,94.55,Month-to-month
0887-HJGAR,0.5672403,45.7,Month-to-month
2391-IPLOP,0.07682269,69.65,One year
5644-PDMZC,0.7899013,89.5,Month-to-month
3509-GWQGF,0.28156322,70.0,Month-to-month
9576-ANLXO,0.53741556,69.55,Month-to-month
2024-BASKD,0.80186075,74.6,Month-to-month
5845-BZZIB,0.010977993,20.1,Two year
1140-UKVZG,0.087041244,24.8,Month-to-month
4160-AMJTL,0.17050937,19.65,Month-to-month
5183-SNMJQ,0.6132722,95.1,Month-to-month
8100-PNJMH,0.015682532,88.85,Two year
7838-LAZFO,0.087976724,78.8,One year
4464-JCOLN,0.09825815,19.85,One year
2085-JVGAD,0.0582421,20.35,Month-to-month
5650-VDUDS,0.45119712,24.25,Month-to-month
8095-WANWK,0.20222002,45.25,Month-to-month
3030-ZKIWL,0.3147787,20.05,Month-to-month
9565-FLVCG,0.014666245,69.55,Two year
8755-OGKNA,0.011795655,19.5,Two year
2800-VEQXM,0.5792468,74.75,Month-to-month
7538-GWHML,0.6043095,69.65,Month-to-month
5533-RJFTJ,0.17891741,30.2,Month-to-month
3859-CVCET,0.30513537,45.65,Month-to-month
0214-JHPFW,0.01632954,57.8,Two year
5642-MHDQT,0.04358744,19.85,One year
3088-FVYWK,0.013035064,25.55,Two year
3276-HDUEG,0.73419124,75.05,Month-to-month
9092-GDZKO,0.10421437,24.85,Month-to-month
0823-HSCDJ,0.3498675,49.15,Month-to-month
3729-OWRVL,0.10893329,110.35,Two year
2324-AALNO,0.031021828,24.55,One year
0822-GAVAP,0.7295355,34.7,Month-to-month
5760-IFJOZ,0.71744436,107.95,Month-to-month
2826-UWHIS,0.2566194,81.4,Month-to-month
1448-PWKYE,0.7792949,80.0,Month-to-month
7501-IWUNG,0.020212686,73.8,Two year
4957-TREIR,0.36616096,64.4,Month-to-month
7251-LJBQN,0.28744045,103.75,One year
8040-MNRTF,0.6923333,71.1,Month-to-month
1536-HBSWP,0.5957663,49.9,Month-to-month
5313-FPXWG,0.041122116,24.6,One year
0067-DKWBL,0.5941718,49.25,Month-to-month
0946-FKYTX,0.06769589,30.1,One year
5076-YVXCM,0.2700045,83.4,Month-to-month
8262-COGGB,0.35153487,20.45,Month-to-month
6663-JOCQO,0.07509517,75.25,One year
9620-QJREV,0.024995783,20.55,One year
2276-YDAVZ,0.63103706,75.1,Month-to-month
2682-KEVRP,0.045361698,20.05,One year
2480-JZOSN,0.41771567,20.65,Month-to-month
0078-XZMHT,0.022787442,85.15,Two year
5896-NPFWW,0.55650246,50.15,Month-to-month
9978-HYCIN,0.11589579,84.95,One year
8338-QIUNR,0.014760868,66.5,Two year
1525-LNLOJ,0.032247037,63.3,Two year
9450-TRJUU,0.44998464,83.15,Month-to-month
1766-GKNMI,0.5517504,84.9,Month-to-month
6942-LBFDP,0.31264284,20.55,Month-to-month
1456-TWCGB,0.29597816,49.25,Month-to-month
7133-VBDCG,0.23348527,79.85,Month-to-month
7596-ZYWBB,0.01355389,59.6,Two year
8329-UTMVM,0.3096661,104.65,One year
3014-WJKSM,0.30483186,75.3,Month-to-month
3347-YJZZE,0.19527082,80.1,Month-to-month
1029-QFBEN,0.2796616,19.55,Month-to-month
7929-DMBCV,0.30026782,81.0,Month-to-month
9661-JALZV,0.016735591,24.7,Two year
5433-KYGHE,0.48849198,86.0,Month-to-month
4312-KFRXN,0.011101217,25.4,Two year
5575-TPIZQ,0.25284648,89.15,Month-to-month
0114-IGABW,0.02317756,58.25,Two year
9944-AEXBM,0.43851867,85.65,Month-to-month
1853-ARAAQ,0.24632944,50.35,Month-to-month
6952-OMNWB,0.2543175,80.35,Month-to-month
4697-LUPSU,0.09575689,20.2,One year
8434-VGEQQ,0.007950478,20.55,Two year
4952-YSOGZ,0.7105463,85.95,Month-to-month
1589-AGTLK,0.51825064,45.35,Month-to-month
5244-IRFIH,0.5995186,94.5,Month-to-month
6549-YMFAW,0.16483083,21.25,Month-to-month
4950-HKQTE,0.014526477,26.25,Two year
6786-OBWQR,0.7107248,80.85,Month-to-month
2684-EIWEO,0.30802664,91.7,Month-to-month
2753-JMMCV,0.025662966,74.2,Two year
6439-GTPCA,0.29836366,87.25,Month-to-month
6621-YOBKI,0.14949715,20.35,Month-to-month
1216-JWVUX,0.3705294,75.5,Month-to-month
7564-GHCVB,0.02295886,79.05,Two year
1173-NOEYG,0.36034563,90.15,Month-to-month
7595-EHCDL,0.19707845,50.6,Month-to-month
6647-ZEDXT,0.21443574,110.45,One year
2521-NPUZR,0.0406432,101.0,Two year
1307-TVUFB,0.3657847,79.35,Month-to-month
7503-MIOGA,0.018007096,89.85,Two year
4381-MHQDC,0.025049208,65.0,Two year
6923-JHPMP,0.6634158,80.45,Month-to-month
5138-WVKYJ,0.6398101,98.55,Month-to-month
4018-PPNDW,0.011550987,24.1,Two year
1635-FJFCC,0.35898077,44.05,Month-to-month
2499-AJYUA,0.062038794,110.8,Two year
6919-ELBGL,0.040960338,114.95,Two year
3966-HRMZA,0.6267317,75.05,Month-to-month
6425-JWTDV,0.014757171,19.25,Two year
8405-IGQFX,0.077118255,90.05,One year
8224-IVVPA,0.13994713,56.7,Month-to-month
9477-LGWQI,0.020908192,80.15,Two year
1410-RSCMR,0.19377899,71.35,Month-to-month
3115-CZMZD,0.04630328,20.25,Two year
0139-IVFJG,0.5985303,90.35,Month-to-month
6683-VLCTZ,0.64770806,98.55,Month-to-month
5730-DBDSI,0.009153161,19.7,Two year
0030-FNXPP,0.19387509,19.85,Month-to-month
2189-WWOEW,0.47191352,85.9,Month-to-month
5684-FJVYR,0.017146396,90.35,Two year
4013-GUXND,0.34054846,20.8,Month-to-month
1894-IGFSG,0.40686575,89.25,Month-to-month
7379-POKDZ,0.6502652,70.3,Month-to-month
1266-NZYUI,0.016155852,66.85,Two year
7969-FFOWG,0.008485897,19.9,Two year
4718-DHSMV,0.33959177,35.8,Month-to-month
5175-WLYXL,0.33747613,78.85,Month-to-month
7817-OMJNA,0.039647263,20.4,One year
8728-SKJLR,0.4221617,74.25,Month-to-month
3137-NYQQI,0.07967377,64.8,One year
7706-DZNKK,0.12259917,20.45,Month-to-month
0236-HFWSV,0.6164506,93.35,Month-to-month
3900-AQPHZ,0.29371142,19.9,Month-to-month
5842-POCOP,0.4492036,88.9,Month-to-month
2037-XJFUP,0.36289972,95.8,One year
8823-RLPWL,0.056262687,110.65,Two year
9505-SQFSW,0.48330772,40.3,Month-to-month
7314-OXENN,0.748218,82.0,Month-to-month
3758-CKOQL,0.14900897,107.0,One year
0322-CHQRU,0.46209314,45.35,Month-to-month
5676-CFLYY,0.023340713,73.35,Two year
7521-AFHAB,0.26096177,44.8,Month-to-month
0285-INHLN,0.14646545,54.75,Month-to-month
4678-DVQEO,0.59301937,52.2,Month-to-month
5125-CNDSP,0.031712864,40.6,One year
0691-IFBQW,0.31821486,110.0,One year
4992-LTJNE,0.0149412025,55.3,Two year
2202-OUTMO,0.14703283,60.85,Month-to-month
0810-BDHAW,0.12352127,78.4,One year
0229-LFJAF,0.01661392,69.65,Two year
7131-ZQZNK,0.02248108,59.85,Two year
3442-ZHHCC,0.07206982,76.9,One year
5726-CVNYA,0.026485568,19.85,Two year
9871-ELEYA,0.01914798,67.65,Two year
4257-GAESD,0.37719372,45.0,Month-to-month
5173-WXOQV,0.34867316,64.2,Month-to-month
2040-OBMLJ,0.08066689,81.7,One year
6286-ZHAOK,0.0980714,25.55,Month-to-month
3807-XHCJH,0.29074946,20.0,Month-to-month
3009-JWMPU,0.24018967,96.75,One year
5671-RQRLP,0.061156277,75.65,Two year
1450-GALXR,0.74497813,98.5,Month-to-month
8859-AXJZP,0.018887585,23.8,Two year
3174-AKMAS,0.028148264,64.2,Two year
3138-BKYAV,0.64987534,85.35,Month-to-month
9926-PJHDQ,0.028569754,76.8,Two year
7382-DFJTU,0.12962446,55.2,Month-to-month
2798-NYLMZ,0.12836295,108.55,Two year
4289-DTDKW,0.4960439,101.3,Month-to-month
1820-TQVEV,0.7992986,69.55,Month-to-month
2239-JALAW,0.28393117,103.25,One year
4853-RULSV,0.06030313,104.0,Two year
8098-TDCBU,0.03343571,25.25,Two year
3551-GAEGL,0.051043887,30.4,One year
4785-NKHCX,0.14781149,20.05,Month-to-month
3196-NVXLZ,0.4399512,84.6,Month-to-month
6275-YDUVO,0.661578,86.2,Month-to-month
0036-IHMOT,0.20412067,103.7,One year
0115-TFERT,0.541423,111.2,Month-to-month
4178-EGMON,0.018585742,88.0,Two year
4220-TINQT,0.36949006,106.35,Month-to-month
5318-YKDPV,0.02215682,79.15,Two year
7975-TZMLR,0.37468714,103.1,One year
0295-QVKPB,0.29774886,63.95,Month-to-month
4335-BSMJS,0.015792957,25.8,Two year
2311-QYMUQ,0.46165645,89.45,Month-to-month
3643-AHCFP,0.7169529,95.6,Month-to-month
9146-JRIOX,0.07677401,25.55,Month-to-month
3104-OWCGK,0.1202039,90.95,One year
5337-IIWKZ,0.23554127,44.85,Month-to-month
9101-BWFSS,0.20838657,108.55,One year
9650-VBUOG,0.011759902,25.05,Two year
3487-EARAT,0.046942323,74.1,One year
2672-TGEFF,0.44041753,88.8,Month-to-month
9231-ZJYAM,0.744225,78.85,Month-to-month
4250-WAROZ,0.24103403,93.25,Month-to-month
8184-WMOFI,0.045219246,71.4,One year
6982-SSHFK,0.4594792,44.4,Month-to-month
6092-QZVPP,0.14489013,79.2,Month-to-month
4625-LAMOB,0.011396507,20.4,Two year
0727-BMPLR,0.31462166,100.0,One year
0392-BZIUW,0.07385572,105.0,Two year
1038-ZAGBI,0.04621588,19.8,One year
6549-NNDYT,0.22263859,30.85,Month-to-month
3027-ZTDHO,0.8508931,89.9,Month-to-month
0422-OHQHQ,0.03995583,20.55,One year
6916-HIJSE,0.015984116,84.85,Two year
2316-ESMLS,0.07737336,33.15,One year
9778-OGKQZ,0.015907504,92.0,Two year
7408-OFWXJ,0.017945828,89.8,Two year
6007-TCTST,0.039247062,115.8,Two year
2252-NKNSI,0.02173995,85.15,Two year
8713-IGZSO,0.17912763,24.85,Month-to-month
7905-TVXTA,0.2923054,64.35,Month-to-month
7695-PKLCZ,0.008381599,20.5,Two year
2382-BCKQJ,0.29163128,100.15,One year
8374-UULRV,0.019055704,86.05,Two year
2207-NHRJK,0.52857286,50.8,Month-to-month
3224-DFQNQ,0.07651588,89.0,One year
5275-PMFUT,0.015201179,64.8,Two year
4795-UXVCJ,0.029381681,19.8,One year
9777-IQHWP,0.051301394,93.4,Two year
0947-MUGVO,0.56717515,73.65,Month-to-month
9944-HKVVB,0.75819355,95.1,Month-to-month
4124-MMETB,0.5041683,94.65,Month-to-month
3671-SHRSP,0.49762866,80.6,Month-to-month
0979-MOZQI,0.028430322,39.0,Two year
2732-ISEZX,0.18223073,20.5,Month-to-month
3313-QKNKB,0.16452746,85.55,One year
0323-XWWTN,0.02694181,26.4,Two year
1937-OTUKY,0.05129867,98.2,Two year
1573-LGXBA,0.1876656,97.55,One year
1764-VUUMT,0.009243216,19.95,Two year
5073-WXOYN,0.3398162,50.8,Month-to-month
4713-ZBURT,0.07672973,99.7,Two year
3050-GBUSH,0.56982803,34.8,Month-to-month
0207-MDKNV,0.4820735,105.1,Month-to-month
7876-AEHIG,0.08148404,60.15,One year
7945-HLKEA,0.058427278,64.75,One year
9342-VNIMQ,0.18506035,54.65,Month-to-month
9851-KIELU,0.6906484,110.1,Month-to-month
3523-BRGUW,0.03624426,19.3,One year
3908-BLSYF,0.55044943,83.9,Month-to-month
3199-NPKCN,0.17587459,111.25,One year
5170-PTRKA,0.058049425,35.8,One year
4661-NJEUX,0.4217665,20.05,Month-to-month
2123-AGEEN,0.6545005,84.35,Month-to-month
1258-YMZNM,0.32386526,110.5,One year
0048-LUMLS,0.1814868,91.2,One year
7549-MYGPK,0.3079502,100.55,Month-to-month
5898-IGSLP,0.29961094,89.3,Month-to-month
3804-RVTGV,0.39275923,103.85,Month-to-month
6259-WJQLC,0.44160116,81.1,Month-to-month
9227-LUNBG,0.566071,24.6,Month-to-month
7997-EASSD,0.051994856,81.2,One year
0730-KOAVE,0.4011478,94.3,Month-to-month
8975-SKGRX,0.061293267,116.1,Two year
0678-RLHVP,0.15769611,105.55,Two year
4315-MURBD,0.6071538,98.9,Month-to-month
2267-FPIMA,0.217997,94.4,Month-to-month
1051-GEJLJ,0.26386112,19.5,Month-to-month
9734-YWGEX,0.621635,98.3,Month-to-month
2719-BDAQO,0.37933478,93.85,Month-to-month
5285-MVEHD,0.2528628,105.6,One year
0379-DJQHR,0.01914095,81.35,Two year
0781-LKXBR,0.80086046,100.5,Month-to-month
5543-QDCRY,0.48632458,56.4,Month-to-month
0297-RBCSG,0.094836645,65.35,One year
4694-PHWFW,0.11351171,19.95,Month-to-month
0835-JKADZ,0.09529899,111.25,Two year
1907-UBQFC,0.6402294,72.85,Month-to-month
7508-SMHXL,0.53271097,89.0,Month-to-month
3865-YIOTT,0.19794929,106.1,One year
5993-BQHEA,0.03859635,20.05,One year
6024-RUGGH,0.0133321015,25.2,Two year
6513-EECDB,0.8719193,73.55,Month-to-month
3956-CJUST,0.38079002,75.4,Month-to-month
4079-WWQQQ,0.017108066,65.55,Two year
6103-BOCOU,0.49310133,80.7,Month-to-month
5149-TGWDZ,0.28135476,104.55,One year
7471-WNSUF,0.030062016,24.15,One year
8942-DBMHZ,0.091622375,20.45,Month-to-month
4301-VVZKA,0.56906694,75.4,Month-to-month
9199-PWQVC,0.08319398,79.7,One year
4824-GUCBY,0.29985392,81.7,Month-to-month
5393-HJZSM,0.14376293,76.3,Month-to-month
7074-IEVOJ,0.7622459,79.4,Month-to-month
9625-QSTYE,0.58340347,81.15,Month-to-month
0862-PRCBS,0.05244937,103.75,Two year
8812-ZRHFP,0.19788104,86.45,One year
5146-CBVOE,0.35876602,75.1,Month-to-month
0454-OKRCT,0.03976011,80.6,Two year
5787-KXGIY,0.00924051,19.3,Two year
4750-ZRXIU,0.7991126,84.6,Month-to-month
4198-VFOEA,0.09352363,33.6,One year
6630-UJZMY,0.76120436,83.25,Month-to-month
5709-LVOEQ,0.07770327,80.85,Two year
6400-BWQKW,0.61005884,79.05,Month-to-month
2692-AQCPF,0.17429143,108.05,One year
0347-UBKUZ,0.090045825,19.9,Month-to-month
0835-DUUIQ,0.021902071,21.05,One year
0811-GSDTP,0.20412569,30.15,Month-to-month
7567-ECMCM,0.42258763,79.85,Month-to-month
6115-ZTBFQ,0.016895592,65.5,Two year
6353-BRMMA,0.32504198,104.1,Month-to-month
6680-WKXRZ,0.5271715,74.4,Month-to-month
6231-WFGFH,0.24211973,20.5,Month-to-month
9904-EHEVJ,0.4803124,91.35,Month-to-month
7028-DVOIQ,0.58189565,99.05,Month-to-month
6169-PPETC,0.0102984095,20.5,Two year
4208-UFFGW,0.4148266,44.95,Month-to-month
8584-KMVXD,0.4647386,75.6,Month-to-month
8467-WYNSR,0.104715,55.1,Month-to-month
0851-DFJKB,0.16573524,58.95,Month-to-month
5382-SOYZL,0.5874647,95.1,Month-to-month
9448-REEVD,0.43212786,44.7,Month-to-month
3261-CQXOL,0.008741061,25.45,Two year
8388-FYNPZ,0.25402397,56.75,Month-to-month
4002-BQWPQ,0.12291789,81.75,Month-to-month
5651-YLPRD,0.47599223,86.1,Month-to-month
2826-DXLQO,0.3053976,29.8,Month-to-month
4378-BZYFP,0.04189867,20.5,One year
9489-UTFKA,0.19407001,60.9,Month-to-month
4849-PYRLQ,0.028579503,73.25,Two year
9117-SHLZX,0.5253165,45.7,Month-to-month
9889-TMAHG,0.5802051,100.3,Month-to-month
4541-RMRLG,0.1516515,19.25,Month-to-month
7764-BDPEE,0.18117908,20.85,Month-to-month
3429-IFLEM,0.016449086,77.35,Two year
3158-MOERK,0.86979437,96.0,Month-to-month
7294-TMAOP,0.7968417,90.55,Month-to-month
5002-GCQFH,0.2340458,93.85,Month-to-month
0556-FJEGU,0.02065307,70.1,Two year
8919-FYFQZ,0.29581696,30.35,Month-to-month
0604-THJFP,0.026732044,75.95,Two year
2834-JRTUA,0.10394919,108.05,Two year
5875-YPQFJ,0.82363945,69.9,Month-to-month
5879-SESNB,0.5719386,75.25,Month-to-month
6646-QVXLR,0.32165405,103.75,One year
6461-PPAXN,0.062694475,54.95,One year
3318-ISQFQ,0.108496554,19.5,Month-to-month
1106-HRLKZ,0.012196327,19.6,Two year
2483-XSSMZ,0.08871347,47.85,One year
8603-IJWDN,0.8546283,86.6,Month-to-month
8165-ZJRNM,0.009049464,23.75,Two year
9369-XFEHK,0.44544974,80.6,Month-to-month
2604-XVDAM,0.18946683,43.8,Month-to-month
3717-OFRTN,0.282899,19.75,Month-to-month
9046-JBFWA,0.0633692,19.15,Month-to-month
3280-NMUVX,0.021255689,19.6,One year
1206-EHBDD,0.030082595,80.3,Two year
8361-LBRDI,0.015897863,24.35,Two year
4883-KCPZJ,0.01410446,25.25,Two year
9108-EQPNQ,0.019631298,26.1,Two year
7277-KAMWT,0.0149083305,20.0,Two year
3842-IYKUE,0.2734574,85.3,Month-to-month
6641-XRPSU,0.30493677,70.0,Month-to-month
1374-DMZUI,0.8404645,94.3,Month-to-month
2545-LXYVJ,0.009525198,20.7,Two year
3234-VKACU,0.50861764,70.3,Month-to-month
8357-EQXFO,0.7137837,95.35,Month-to-month
1989-PRJHP,0.533458,75.5,Month-to-month
8120-JDCAM,0.52420276,69.55,Month-to-month
8917-FAEMR,0.01251594,19.85,Two year
7047-YXDMZ,0.05692981,20.0,Month-to-month
2858-EIMXH,0.2614921,95.85,One year
9524-EGPJC,0.49081504,90.1,Month-to-month
6993-OHLXR,0.62193835,68.95,Month-to-month
8818-XYFCQ,0.3814526,99.55,Month-to-month
6419-ZTTLE,0.080516525,20.75,One year
0929-HYQEW,0.3708689,50.15,Month-to-month
6614-YOLAC,0.013085205,58.65,Two year
7426-RHZGU,0.6270922,95.9,Month-to-month
4065-JJAVA,0.5257418,49.5,Month-to-month
4695-VADHF,0.20673116,57.45,Month-to-month
3863-IUBJR,0.11348267,53.65,One year
7649-SIJJF,0.014291563,80.1,Two year
9361-YNQWJ,0.0279673,24.4,One year
3748-FVMZZ,0.58703464,40.05,Month-to-month
9391-TTOYH,0.088652566,19.5,Month-to-month
1452-XRSJV,0.09402752,51.05,Month-to-month
3422-WJOYD,0.045939744,54.35,One year
8242-SOQUO,0.7078717,84.7,Month-to-month
7460-ITWWP,0.3846473,86.1,Month-to-month
7147-AYBAA,0.33466366,70.35,Month-to-month
7868-TMWMZ,0.11983827,110.0,Two year
4822-RVYBB,0.8046451,100.6,Month-to-month
6732-FZUGP,0.08066863,94.9,One year
8436-BJUMM,0.52036667,83.75,Month-to-month
4184-TJFAN,0.5365764,88.3,Month-to-month
8329-GWVPJ,0.265875,69.75,Month-to-month
1352-VHKAJ,0.1375609,71.6,Month-to-month
4145-UQXUQ,0.7212887,92.1,Month-to-month
2632-TACXW,0.009118414,23.65,Two year
8146-QQKZH,0.017851556,81.85,Two year
1767-CJKBA,0.0081513515,25.1,Two year
6445-TNRXS,0.06473184,114.7,Two year
4581-LNWUM,0.3180087,49.15,Month-to-month
4869-EPIUS,0.17708439,80.9,One year
9948-YPTDG,0.29273158,79.45,Month-to-month
1236-WFCDV,0.4621901,90.45,Month-to-month
1915-OAKWD,0.043116663,19.3,One year
7296-PIXQY,0.48431513,70.2,Month-to-month
4883-QICIH,0.2823102,69.75,Month-to-month
3354-OADJP,0.07743598,54.25,One year
3524-WQDSG,0.40227592,99.3,Month-to-month
0810-DHDBD,0.053412743,74.0,One year
4026-SKKHW,0.3496211,50.25,Month-to-month
2829-HYVZP,0.03673598,19.8,One year
8329-IBCTI,0.289712,19.65,Month-to-month
1271-SJBGZ,0.3099844,43.65,Month-to-month
3845-JHAMY,0.27946985,35.5,Month-to-month
7013-PSXHK,0.11927945,80.75,One year
5669-SRAIP,0.4911902,39.5,Month-to-month
5981-ITEMU,0.42881218,97.1,Month-to-month
3486-NPGST,0.027797103,19.55,One year
6941-PMGEP,0.69276476,80.0,Month-to-month
1624-WOIWJ,0.4852216,84.7,Month-to-month
2074-GKOWZ,0.6825808,89.55,Month-to-month
0376-YMCJC,0.49031448,90.6,Month-to-month
6100-FJZDG,0.029274829,20.05,One year
4829-ZLJTK,0.058708668,112.4,Two year
1730-VFMWO,0.12309796,50.2,Month-to-month
7143-BQIBA,0.15840784,62.25,Month-to-month
3800-LYTRK,0.059925273,55.7,One year
0634-SZPQA,0.28483325,90.05,Month-to-month
9646-NMHXE,0.011345715,19.65,Two year
7030-NJVDP,0.34640846,89.25,Month-to-month
5536-RTPWK,0.44520766,99.05,Month-to-month
8883-GRDWQ,0.07534245,54.0,One year
6166-ILMNY,0.5098497,69.75,Month-to-month
3097-NNSPB,0.48531502,49.05,Month-to-month
7771-ZONAT,0.025899058,56.75,Two year
0655-RBDUG,0.7653978,98.05,Month-to-month
2111-DWYHN,0.34251618,21.1,Month-to-month
4194-WHFCB,0.2923172,96.65,Month-to-month
4121-AGSIN,0.03726846,24.5,One year
4361-BKAXE,0.32377967,114.5,Month-to-month
9845-PEEKO,0.058309514,79.2,Two year
0455-XFASS,0.66955644,69.55,Month-to-month
0301-KOBTQ,0.017119199,20.05,Two year
1751-NCDLI,0.5493701,98.85,Month-to-month
4367-NUYAO,0.04013409,25.75,Two year
9878-TNQGW,0.7608672,80.95,Month-to-month
9170-ARBTB,0.028781973,19.6,One year
4441-NIHPT,0.5913684,74.3,Month-to-month
8999-BOHSE,0.57362604,89.7,Month-to-month
7241-AJHFS,0.20648028,87.65,Month-to-month
7029-RPUAV,0.5664604,100.45,Month-to-month
4546-FOKWR,0.5281803,74.75,Month-to-month
9036-CSKBW,0.2143299,107.45,One year
5832-TRLPB,0.1089149,75.35,One year
8590-YFFQO,0.010656109,64.95,Two year
8659-IOOPU,0.058641005,100.45,Two year
1338-CECEE,0.062079888,68.5,One year
7439-DKZTW,0.8589589,80.55,Month-to-month
4646-QZXTF,0.2217723,81.25,Month-to-month
4607-CHPCA,0.3239451,90.4,One year
9742-XOKTS,0.075023025,89.55,One year
6921-OZMFH,0.34686452,55.7,Month-to-month
9578-FOMUK,0.15053691,24.8,Month-to-month
4712-UYOOI,0.07391303,20.0,Month-to-month
8824-RWFXJ,0.36848226,56.15,Month-to-month
7722-CVFXN,0.30021253,105.2,One year
8717-VCTXJ,0.03307344,19.55,One year
7363-QTBIW,0.62726533,79.75,Month-to-month
4159-NAAIX,0.06817069,97.45,Two year
0971-QIFJK,0.01088045,24.25,Two year
9397-TZSHA,0.010445825,24.6,Two year
3391-JSQEW,0.16094327,50.15,Month-to-month
0343-QLUZP,0.025733462,39.6,Two year
9763-PDTKK,0.4164124,94.4,Month-to-month
2176-LVPNX,0.02914473,89.85,Two year
7627-JKIAZ,0.35725412,78.95,Month-to-month
3312-UUMZW,0.47366697,98.85,Month-to-month
1271-UODNO,0.027071776,53.85,Two year
8461-EFQYM,0.06706594,24.25,One year
6900-RBKER,0.04389922,89.45,Two year
6891-JPYFF,0.36035433,105.25,Month-to-month
1459-QNFQT,0.015693402,59.5,Two year
1047-NNCBF,0.28226155,70.55,Month-to-month
3696-XRIEN,0.10454451,82.5,One year
4081-DYXAV,0.2545844,44.85,One year
0074-HDKDG,0.0489231,61.6,One year
8791-GFXLZ,0.22689624,49.05,Month-to-month
8111-SLLHI,0.52549684,105.65,Month-to-month
0927-LCSMG,0.41920567,74.65,Month-to-month
9330-DHBFL,0.04679965,66.25,One year
0098-BOWSO,0.11087125,19.4,Month-to-month
3452-ABWRL,0.37643823,86.05,Month-to-month
5859-HZYLF,0.019180976,19.15,Two year
8257-RZAHR,0.23193899,64.7,Month-to-month
5293-WXJAK,0.71754444,104.05,Month-to-month
3156-QLHBO,0.16334654,19.25,Month-to-month
2208-NQBCT,0.28863177,81.95,Month-to-month
1779-PWPMG,0.051391333,114.65,Two year
6621-NRZAK,0.009780421,20.0,Two year
0831-JNISG,0.008485897,19.8,Two year
0774-IFUVM,0.21262945,65.15,Month-to-month
3082-WQRVY,0.049356695,19.65,One year
9553-DLCLU,0.03710366,88.95,Two year
1641-BYBTK,0.12576331,20.2,Month-to-month
2460-NGXBJ,0.6166399,75.2,Month-to-month
2446-ZKVAF,0.17205022,56.8,Month-to-month
0841-NULXI,0.72726995,35.55,Month-to-month
3522-CDKHF,0.32464176,75.5,Month-to-month
1430-SFQSA,0.051167075,35.6,One year
0411-EZJZE,0.59881365,60.25,Month-to-month
7851-WZEKY,0.81289256,95.15,Month-to-month
8844-TONUD,0.64343464,96.65,Month-to-month
8807-ARQET,0.31015617,40.35,Month-to-month
8992-CEUEN,0.29940212,18.85,Month-to-month
4320-QMLLA,0.16868854,54.85,Month-to-month
8777-PVYGU,0.062445644,64.3,One year
8292-ITGYJ,0.016537813,24.65,Two year
6870-ZWMNX,0.02296884,76.1,Two year
0621-CXBKL,0.011904366,18.7,Two year
5268-DSMNQ,0.13688946,97.95,One year
5334-JLAXU,0.2855992,94.1,Month-to-month
4086-YQSNZ,0.73521006,80.4,Month-to-month
6242-MBHPK,0.529396,95.1,Month-to-month
5868-CZJDR,0.5316544,31.35,Month-to-month
9359-UGBTK,0.045811474,72.35,One year
0135-NMXAP,0.55999196,89.75,Month-to-month
4782-OSFXZ,0.017258437,82.7,Two year
6479-OAUSD,0.022749979,19.9,One year
7129-ACFOG,0.33719152,53.8,Month-to-month
4189-NAKJS,0.080571696,51.55,One year
5562-BETPV,0.14514984,19.65,One year
1282-IHQAC,0.08906642,44.05,One year
9127-FHJBZ,0.050062258,114.0,Two year
6270-OMFIW,0.2063589,94.4,One year
1641-RQDAY,0.60074794,100.4,Month-to-month
0107-WESLM,0.40667954,19.85,Month-to-month
6994-ORCWG,0.09194458,54.25,One year
1346-UFHAX,0.47628978,80.0,Month-to-month
3992-YWPKO,0.7274904,109.9,Month-to-month
2933-XEUJM,0.023343794,79.2,Two year
0125-LZQXK,0.640317,101.35,Month-to-month
5461-QKNTN,0.37232503,94.3,Month-to-month
4835-YSJMR,0.02187843,49.8,Two year
8399-YNDCH,0.2566044,60.05,Month-to-month
3164-YAXFY,0.24640715,53.75,Month-to-month
0887-WBJVH,0.20497577,93.45,One year
4660-IRIBM,0.35547996,87.9,Month-to-month
5673-FSSMF,0.71718705,60.15,Month-to-month
7670-ZBPOQ,0.05460255,61.05,One year
8089-UZWLX,0.07963759,104.05,Two year
0080-OROZO,0.34318015,99.25,One year
3916-NRPAP,0.59008574,85.7,Month-to-month
6807-SIWJI,0.34656766,104.85,One year
8221-HVAYI,0.018977752,69.15,Two year
1579-KLYDT,0.71658957,90.45,Month-to-month
5232-NXPAY,0.020289045,74.45,Two year
8967-SZQAS,0.19310027,50.45,Month-to-month
4468-KAZHE,0.30173153,60.0,Month-to-month
0455-ENTCR,0.03363124,85.25,Two year
8944-AILEF,0.12055835,19.45,Month-to-month
5542-NKVRU,0.018451558,20.75,Two year
7126-RBHSD,0.3902081,78.9,Month-to-month
5370-IIVVL,0.2598548,104.5,One year
6789-HJBWG,0.25955173,49.4,Month-to-month
3927-NLNRY,0.17823435,94.25,One year
9087-EYCPR,0.014126829,25.0,Two year
6791-YBNAK,0.15231927,25.55,Month-to-month
6358-LYNGM,0.8203873,74.9,Month-to-month
6077-BDPXA,0.71419924,70.15,Month-to-month
0013-MHZWF,0.21800075,69.4,Month-to-month
5494-HECPR,0.86635214,80.25,Month-to-month
8268-YDIXR,0.09566326,93.15,One year
9824-BEMCV,0.5349769,69.0,Month-to-month
1373-ORVIZ,0.304082,66.35,Month-to-month
4291-SHSBH,0.58837605,69.55,Month-to-month
6980-IMXXE,0.008217105,20.2,Two year
9866-QEVEE,0.4946182,86.0,Month-to-month
9897-KXHCM,0.71491534,80.3,Month-to-month
0040-HALCW,0.012027086,20.4,Two year
0784-GTUUK,0.034801427,23.75,One year
7979-CORPM,0.43110728,90.55,Month-to-month
2294-DMMUS,0.16535749,70.45,Month-to-month
0872-JCPIB,0.17863776,65.75,Month-to-month
3055-MJDSB,0.3644759,24.6,Month-to-month
9091-WTUUY,0.014745168,69.25,Two year
1618-CFHME,0.7818911,75.9,Month-to-month
3165-HDOEW,0.5220013,45.85,Month-to-month
6581-NQCBA,0.3355032,49.95,Month-to-month
7115-IRDHS,0.01043911,24.65,Two year
8496-DMZUK,0.09355885,90.4,One year
2040-VZIKE,0.36566734,100.85,Month-to-month
9068-VPWQQ,0.016865047,75.35,Two year
0178-SZBHO,0.31221768,87.2,Month-to-month
0384-RVBPI,0.12450871,64.4,Month-to-month
1689-MRZQR,0.3838454,78.3,Month-to-month
1299-AURJA,0.010724301,24.7,Two year
4525-VZCZG,0.25378868,105.85,One year
1543-LLLFT,0.13525079,98.3,One year
5835-BEQEU,0.7459313,76.95,Month-to-month
2788-CJQAQ,0.042198997,19.45,One year
5565-FILXA,0.7112277,96.15,Month-to-month
0319-QZTCO,0.4235634,58.7,Month-to-month
2120-SMPEX,0.08620761,20.15,Month-to-month
0096-FCPUF,0.14365745,64.5,Month-to-month
0668-OGMHD,0.15816121,28.5,Month-to-month
5552-ZNFSJ,0.5557655,45.3,Month-to-month
2223-KAGMX,0.094683714,19.4,Month-to-month
6507-ZJSUR,0.51848906,90.45,Month-to-month
9408-HRXRK,0.42438093,105.15,Month-to-month
5593-SUAOO,0.104493625,83.15,One year
7321-PKUYW,0.5925869,90.15,Month-to-month
2833-SLKDQ,0.50411075,45.05,Month-to-month
6766-HFKLA,0.10034438,103.2,Two year
7595-EUIVN,0.7781538,75.8,Month-to-month
7617-EYGLW,0.30555448,19.45,Month-to-month
2026-TGDHM,0.6577675,79.3,Month-to-month
9220-ZNKJI,0.048818815,88.8,Two year
4030-VPZBD,0.6439948,30.9,Month-to-month
2226-ICFDO,0.016647436,85.9,Two year
0723-VSOBE,0.18518376,34.2,One year
5529-GIBVH,0.010054324,20.15,Two year
4187-CINZD,0.15616445,95.25,One year
9992-UJOEL,0.531075,50.3,Month-to-month
4741-WWJQZ,0.63647884,80.15,Month-to-month
6625-UTXEW,0.2824978,51.25,Month-to-month
6818-WOBHJ,0.19891745,89.6,Month-to-month
6244-BESBM,0.071107864,95.2,Two year
1004-NOZNR,0.14609963,94.8,One year
1251-STYSZ,0.6570188,80.25,Month-to-month
2612-PHGOX,0.0295138,76.1,Two year
2408-TZMJL,0.23685761,110.15,One year
8480-PPONV,0.07586657,115.55,Two year
8780-IHCRN,0.009468422,24.65,Two year
4598-ZADCK,0.09377491,53.6,One year
1257-SXUXQ,0.14815311,19.45,Month-to-month
9681-KYGYB,0.34169197,88.2,Month-to-month
7182-OVLBJ,0.06441976,101.15,Two year
5095-ETBRJ,0.020977633,56.8,Two year
7005-CYUIL,0.047928188,99.4,Two year
4821-WQOYN,0.008899945,20.1,Two year
4730-AWNAU,0.07008418,60.7,One year
3452-FLHYD,0.036395658,20.95,One year
2388-LAESQ,0.044242505,114.85,Two year
9531-NSBMR,0.035031345,19.25,One year
6260-ONULR,0.6126464,62.8,Month-to-month
4389-UEFCZ,0.0992786,105.5,Two year
8711-LOBKY,0.012301163,19.85,Two year
9134-CEQMF,0.69471633,89.5,Month-to-month
8985-OOPOS,0.4039134,74.1,One year
8800-ZKRFW,0.470253,107.5,Month-to-month
2616-FLVQC,0.012160052,19.55,Two year
9968-FFVVH,0.039025176,68.8,One year
3108-PCCGG,0.028594313,84.45,Two year
7993-PYKOF,0.38303033,75.0,Month-to-month
8390-FESFV,0.02351343,84.5,Two year
3022-BEXHZ,0.10170586,111.2,Two year
5027-XWQHA,0.30402094,44.75,Month-to-month
6248-TKCQV,0.021075169,80.6,Two year
6729-GDNGC,0.325403,80.7,Month-to-month
6198-ZFIOJ,0.5382358,75.6,Month-to-month
5989-OMNJE,0.10347359,57.6,One year
4566-QVRRW,0.29347053,44.05,Month-to-month
1291-CUOCY,0.06862551,110.6,Two year
9795-SHUHB,0.01579381,58.2,Two year
3230-IUALN,0.019065091,81.0,Two year
0042-RLHYP,0.0101385005,19.7,Two year
8519-IMDHU,0.5968081,85.6,Month-to-month
4945-RVMTE,0.21297628,59.55,Month-to-month
0201-OAMXR,0.13775942,115.55,One year
1866-NXPSP,0.07667519,75.55,One year
3372-KWFBM,0.69266874,86.6,Month-to-month
7831-QGOXH,0.53803635,85.2,Month-to-month
6393-WRYZE,0.564712,97.65,Month-to-month
3941-XTSKM,0.13542373,45.1,One year
1661-CZBAU,0.08377043,70.95,One year
6599-RCLCJ,0.38765022,109.55,Month-to-month
9831-BPFRI,0.10698344,89.55,One year
5158-RIVOP,0.02320196,20.9,Two year
9788-YTFGE,0.14268047,19.95,Month-to-month
9277-JOOMO,0.18945439,24.6,Month-to-month
1907-YLNYW,0.23115614,66.7,Month-to-month
1725-MIMXW,0.3752456,19.45,Month-to-month
8947-YRTDV,0.11911194,94.8,One year
3161-ONRWK,0.03425613,65.85,One year
0114-RSRRW,0.13839252,19.95,Month-to-month
4565-NLZBV,0.013300025,24.65,Two year
0031-PVLZI,0.13911977,20.35,Month-to-month
7206-GZCDC,0.8099182,69.25,Month-to-month
6682-VCIXC,0.061279353,51.25,One year
4791-QRGMF,0.23911084,99.5,One year
6475-VHUIZ,0.15151119,54.25,Month-to-month
3910-MRQOY,0.011793521,19.4,Two year
0661-WCQNQ,0.05374007,56.25,One year
7537-RBWEA,0.58227855,25.15,Month-to-month
4656-CAURT,0.008980657,23.95,Two year
0121-SNYRK,0.072516955,35.4,One year
1768-ZAIFU,0.78642887,25.2,Month-to-month
4671-LXRDQ,0.5028913,45.0,Month-to-month
3733-LSYCE,0.40123385,75.35,Month-to-month
6265-FRMTQ,0.010806091,20.4,Two year
1934-SJVJK,0.3057714,20.15,Month-to-month
3838-OZURD,0.37017572,105.0,Month-to-month
1371-DWPAZ,0.07572948,56.05,Two year
9269-CQOOL,0.4009295,54.7,Month-to-month
2017-CCBLH,0.020710247,20.0,Two year
7690-KPNCU,0.074214645,73.05,One year
0536-BGFMZ,0.06746236,20.5,Month-to-month
2293-IJWPS,0.24745432,100.75,One year
2845-HSJCY,0.56308347,87.25,Month-to-month
5469-NUJUR,0.016898777,19.95,Two year
1184-PJVDB,0.63451606,79.95,Month-to-month
2625-TRCZQ,0.32533285,49.65,Month-to-month
4102-HLENU,0.010885157,65.65,Two year
7266-GSSJX,0.15413609,20.45,Month-to-month
7722-VJRQD,0.017756771,60.95,Two year
7073-QETQY,0.03461707,20.35,One year
9415-DPEWS,0.52308244,88.35,Month-to-month
5624-RYAMH,0.18110184,19.5,Month-to-month
0196-JTUQI,0.5389224,75.2,Month-to-month
7130-YXBRO,0.30286965,111.45,Month-to-month
9272-LSVYH,0.38965538,70.15,Month-to-month
7943-RQCHR,0.76897347,94.75,Month-to-month
3793-MMFUH,0.6778236,95.05,Month-to-month
3249-ZPQRG,0.6040473,78.45,Month-to-month
2568-BRGYX,0.6651148,70.2,Month-to-month
3084-DOWLE,0.014752007,92.0,Two year
1084-MNSMJ,0.018880181,85.5,Two year
7721-JXEAW,0.22936825,41.05,Month-to-month
7249-WBIYX,0.71737474,85.6,Month-to-month
4238-HFHSN,0.2934637,82.15,Month-to-month
6250-CGGUN,0.109482214,84.4,One year
5478-JJVZK,0.13993767,60.9,Month-to-month
7596-IIWYC,0.016572269,20.25,Two year
6567-HOOPW,0.88579977,79.2,Month-to-month
9793-WECQC,0.36242944,95.3,Month-to-month
4291-HPAXL,0.32244825,19.85,Month-to-month
8999-YPYBV,0.019609611,84.35,Two year
1839-FBNFR,0.017646307,19.85,Two year
3164-AALRN,0.20849869,70.0,One year
3071-MVJCD,0.016311526,82.3,Two year
1697-BCSHV,0.15419042,66.8,Month-to-month
0562-KBDVM,0.021913534,44.6,Two year
1131-SUEKT,0.13111858,98.45,One year
3717-OEAUQ,0.5720545,70.7,Month-to-month
4538-WNTMJ,0.027425548,24.95,One year
3334-CTHOL,0.53717375,49.95,Month-to-month
4704-ERYFC,0.45712826,69.25,Month-to-month
9432-RUVSL,0.08059561,102.5,Two year
8060-HIWJJ,0.022637447,86.55,Two year
7684-XSZIY,0.008384786,24.3,Two year
9089-UOWJG,0.24730146,58.35,Month-to-month
8621-MNIHH,0.5467707,94.25,Month-to-month
8039-ACLPL,0.016207304,68.75,Two year
9885-AIBVB,0.5113608,85.8,Month-to-month
1934-MKPXS,0.027220787,20.1,One year
2592-YKDIF,0.28684178,20.35,Month-to-month
2272-JKMSI,0.2215682,110.8,One year
0471-LVHGK,0.1825187,73.0,One year
9518-RWHZL,0.22506107,100.05,One year
8714-CTZJW,0.61723465,82.85,Month-to-month
3569-EDBPQ,0.37189698,84.35,Month-to-month
3131-NWVFJ,0.03405308,19.55,One year
7521-YXVZY,0.16881357,19.95,Month-to-month
5419-CONWX,0.72042584,99.8,Month-to-month
6240-EURKS,0.3324412,35.0,Month-to-month
2373-NTKOD,0.3863695,66.25,Month-to-month
1970-KKFWL,0.013199548,23.3,Two year
6960-HVYXR,0.8225553,76.0,Month-to-month
9337-SRRNI,0.011142763,25.3,Two year
0895-UADGO,0.037163015,44.55,Two year
5678-VFNEQ,0.18669434,104.1,One year
5977-CKHON,0.2823481,92.55,Month-to-month
7024-OHCCK,0.8599888,93.85,Month-to-month
2692-BUCFV,0.4688478,101.45,Month-to-month
7861-UVUFT,0.52856916,84.3,Month-to-month
1830-GGFNM,0.058550064,94.55,Two year
5302-BDJNT,0.40286046,95.5,Month-to-month
5223-UZAVK,0.12140385,100.3,One year
4859-ZSRDZ,0.038456123,55.5,Two year
5651-WYIPH,0.25612885,49.85,Month-to-month
9350-VLHMB,0.24061564,89.55,Month-to-month
3498-LZGQZ,0.01352338,19.15,Two year
8785-CJSHH,0.5001174,99.8,Month-to-month
5357-TZHPP,0.713046,84.4,Month-to-month
3870-SPZSI,0.033752598,113.05,Two year
0680-DFNNY,0.7121097,101.1,Month-to-month
7560-QRBXH,0.03096027,19.95,One year
7077-XJMET,0.28943542,74.15,Month-to-month
8752-GHJFU,0.090669945,92.0,One year
6896-SRVYQ,0.32112652,73.85,Month-to-month
7767-UXAGJ,0.6470378,50.45,Month-to-month
4652-ODEVH,0.014103432,24.45,Two year
6510-UPNKS,0.03418038,24.8,One year
6718-BDGHG,0.094063535,64.85,One year
9046-DQMTP,0.06076557,20.75,Month-to-month
6439-LAJXL,0.17648047,68.95,Month-to-month
1571-SAVHK,0.6922463,99.95,Month-to-month
9052-VKDUW,0.301952,109.4,Month-to-month
9546-CQJSU,0.79787487,91.4,Month-to-month
1666-JZPZT,0.11238021,49.0,Month-to-month
5777-KJIRB,0.069882214,50.25,One year
0506-LVNGN,0.55123067,75.55,Month-to-month
7677-SJJJK,0.042150903,19.9,One year
2480-EJWYP,0.2739688,97.8,One year
3253-HKOKL,0.1934108,100.3,One year
7055-HNEOJ,0.39518028,55.8,Month-to-month
5514-YQENT,0.14266667,111.15,Two year
3211-AAPKX,0.49880713,98.55,Month-to-month
8445-DNBAE,0.6799086,50.05,Month-to-month
2951-QOQTK,0.5543151,80.8,Month-to-month
2958-NHPPS,0.084415674,20.85,Month-to-month
6806-YDEUL,0.1795407,19.5,Month-to-month
1735-XMJVH,0.16196203,19.35,Month-to-month
6890-PFRQX,0.1537327,69.5,Month-to-month
0222-CNVPT,0.2620772,48.8,Month-to-month
5899-OUVKV,0.5144446,94.5,Month-to-month
8681-ICONS,0.078466356,20.65,Month-to-month
1621-YNCJH,0.08013464,106.05,Two year
3473-XIIIT,0.62129444,100.0,Month-to-month
6362-QHAFM,0.311349,108.3,One year
7893-IXHRQ,0.31120396,20.55,Month-to-month
3070-BDOQC,0.16145495,99.65,Two year
2952-QAYZF,0.6843275,85.3,Month-to-month
6234-PFPXL,0.29758406,95.9,Month-to-month
9824-QCJPK,0.023066318,20.0,One year
4763-PGDPO,0.5497208,70.4,Month-to-month
4283-IVYCI,0.12717466,64.95,Month-to-month
1866-OBPNR,0.73387796,74.6,Month-to-month
8205-MQUGY,0.21633664,49.2,Month-to-month
8970-ANWXO,0.13567613,73.75,One year
9480-BQJEI,0.09019311,92.3,One year
5394-SVGJV,0.2709352,98.8,Month-to-month
6979-TNDEU,0.13369532,19.2,Month-to-month
9777-WJJPR,0.33271107,88.65,Month-to-month
9283-LZQOH,0.5178814,74.4,Month-to-month
7079-QRCBC,0.6441835,98.75,Month-to-month
9495-SKLKD,0.33969814,95.95,Month-to-month
6048-UWKAL,0.08301173,105.4,Two year
5067-DGXLL,0.1917364,20.25,Month-to-month
5469-CTCWN,0.20014781,106.0,One year
9851-QXEEQ,0.5187917,104.7,Month-to-month
6281-FKEWS,0.22396272,49.05,One year
8898-KASCD,0.061162606,35.55,One year
9242-TKFSV,0.021578059,65.1,Two year
9290-SHCMB,0.7281486,96.85,Month-to-month
0743-HNPFG,0.067286916,69.75,One year
2277-BKJKN,0.1156731,99.2,Two year
9809-IMGCQ,0.638252,96.7,Month-to-month
5208-HFSBT,0.37081644,55.05,Month-to-month
5035-PGZXH,0.37347096,106.8,One year
8695-WDYEA,0.51689786,51.25,Month-to-month
6543-JXSOO,0.0499461,57.75,One year
8016-ZMGMO,0.06553049,70.85,One year
8605-ITULD,0.289712,19.55,Month-to-month
3254-YRILK,0.5849478,88.2,Month-to-month
6416-YJTTB,0.42341438,79.5,Month-to-month
2667-WYLWJ,0.054413877,19.75,One year
4472-VESGY,0.22376966,98.15,Month-to-month
3195-TQDZX,0.2572667,20.25,Month-to-month
3128-YOVTD,0.19583972,79.15,Month-to-month
0529-ONKER,0.5718364,75.65,Month-to-month
1728-CXQBE,0.4011313,94.25,Month-to-month
7041-TXQJH,0.244815,40.2,Month-to-month
5014-GSOUQ,0.0155911995,19.95,Two year
5724-BIDBU,0.09271533,55.35,One year
0481-SUMCB,0.319413,102.15,One year
1769-GRUIK,0.5158608,71.1,Month-to-month
5240-IJOQT,0.8844784,74.7,Month-to-month
8819-WFGGJ,0.029288897,54.1,Two year
7427-AUFPY,0.014469643,19.65,Two year
2811-POVEX,0.42297935,88.45,Month-to-month
1092-GANHU,0.48128793,76.65,Month-to-month
7898-PDWQE,0.017339382,80.4,Two year
9972-EWRJS,0.012189097,19.25,Two year
9314-IJWSQ,0.67169803,84.8,Month-to-month
0661-XEYAN,0.6363658,25.8,Month-to-month
5799-JRCZO,0.011529378,19.5,Two year
1921-KYSAY,0.12624738,68.6,One year
6198-RTPMF,0.53572726,92.6,Month-to-month
2924-KHUVI,0.30686837,100.55,One year
1925-GMVBW,0.15325461,20.55,Month-to-month
7881-EVUAD,0.6283244,42.6,Month-to-month
6184-DYUOB,0.19041628,19.6,Month-to-month
9207-ZPANB,0.05480529,67.45,One year
5766-XQXMQ,0.14114353,68.85,Month-to-month
9327-QSDED,0.24797742,43.55,Month-to-month
1656-DRSMG,0.31364134,109.85,Month-to-month
3012-VFFMN,0.1205125,20.65,Month-to-month
2984-AFWNC,0.70134205,95.4,Month-to-month
0640-YJTPY,0.009408633,21.0,Two year
8096-LOIST,0.2962206,56.2,Month-to-month
9764-REAFF,0.018157627,18.4,Two year
3703-VAVCL,0.5101375,90.0,Month-to-month
7107-UBYKY,0.1453158,25.75,Month-to-month
4881-GQJTW,0.10216521,19.6,Month-to-month
8519-QJGJD,0.44978088,75.35,Month-to-month
7876-DNYAP,0.009963922,19.8,Two year
7905-NJMXS,0.24149573,64.2,Month-to-month
2882-WDTBA,0.016775444,75.75,Two year
2091-GPPIQ,0.037960846,78.95,Two year
6326-MTTXK,0.6835628,100.85,Month-to-month
5071-FBJFS,0.3783329,50.3,Month-to-month
2796-UUZZO,0.16694655,80.3,Month-to-month
2429-AYKKO,0.010833875,19.85,Two year
9798-OPFEM,0.029468924,21.1,Two year
0330-IVZHA,0.5567813,69.95,Month-to-month
3794-NFNCH,0.16696316,50.0,Month-to-month
5193-QLVZB,0.11047218,104.75,Two year
7114-AEOZE,0.017057601,19.85,Two year
2886-KEFUM,0.27564016,107.5,One year
5522-NYKPB,0.34947443,85.9,Month-to-month
4237-RLAQD,0.544741,45.85,Month-to-month
9957-YODKZ,0.70022184,80.8,Month-to-month
6518-KZXCB,0.014644397,25.25,Two year
2245-ADZFJ,0.02549774,80.55,Two year
7776-QGYJC,0.2976286,81.5,Month-to-month
9313-QOLTZ,0.0581202,20.9,Month-to-month
9651-GTSAQ,0.22723982,106.1,One year
3186-BAXNB,0.6839437,91.7,Month-to-month
4672-FOTSD,0.21952195,67.25,Month-to-month
0637-YLETY,0.51149493,95.6,Month-to-month
9818-XQCUV,0.16857252,20.35,Month-to-month
7338-ERIVA,0.05693724,45.05,One year
1157-BQCUW,0.8348393,74.95,Month-to-month
8259-NFJTV,0.23091143,34.65,Month-to-month
3223-DWFIO,0.5776126,69.35,Month-to-month
2660-EMUBI,0.7862176,95.35,Month-to-month
6968-GMKPR,0.35254624,81.55,Month-to-month
4751-ERMAN,0.033654034,75.4,Two year
1436-ZMJAN,0.302909,67.8,Month-to-month
3292-PBZEJ,0.7376551,111.4,Month-to-month
0799-DDIHE,0.19232364,46.3,Month-to-month
3070-FNFZQ,0.010215397,20.4,Two year
2812-SFXMJ,0.34591284,20.05,Month-to-month
7675-OZCZG,0.46699584,45.0,Month-to-month
5014-WUQMG,0.13352191,96.1,One year
5312-TSZVC,0.04302449,19.65,One year
2003-CKLOR,0.31182927,99.5,Month-to-month
0993-OSGPT,0.04474679,60.65,One year
9254-RBFON,0.22878528,98.6,One year
1205-WNWPJ,0.19815582,59.5,Month-to-month
9391-EOYLI,0.68984973,80.45,Month-to-month
7108-DGVUU,0.12672853,71.7,One year
2782-JEEBU,0.16721527,36.0,Month-to-month
5127-BZENZ,0.054518674,65.2,One year
2720-FVBQP,0.34195688,48.95,Month-to-month
9906-NHHVC,0.03759573,53.5,Two year
4522-XRWWI,0.072618835,80.45,One year
3766-EJLFL,0.06526122,109.05,Two year
5939-SXWHM,0.01525951,26.3,Two year
8152-UOBNY,0.3168235,106.8,One year
7351-KYHQH,0.36937213,64.95,Month-to-month
7643-RCHXS,0.017307522,19.35,Two year
8246-SHFGA,0.070501,21.1,Month-to-month
8387-MOJJT,0.27725056,77.95,Month-to-month
0620-XEFWH,0.098920226,18.85,Month-to-month
6485-QXWWE,0.010889655,26.0,Two year
2761-OCIAX,0.6790046,74.7,Month-to-month
7321-VGNKU,0.6826722,70.35,Month-to-month
5327-CNLUQ,0.077313334,96.9,Two year
7552-KEYGT,0.014407381,19.55,Two year
5816-JMLGY,0.022046119,80.4,Two year
3068-OMWZA,0.87436676,88.8,Month-to-month
2927-QRRQV,0.20723031,94.65,One year
6032-KRXXO,0.52028805,90.25,Month-to-month
7459-RRWQZ,0.24618968,64.65,Month-to-month
6265-SXWBU,0.08219529,95.75,One year
7941-RCJOW,0.014518813,19.55,Two year
6374-NTQLP,0.061590057,104.1,Two year
4154-AQUGT,0.4608141,89.05,Month-to-month
2387-KDZQY,0.049973644,20.1,One year
3584-WKTTW,0.2535815,111.55,One year
3399-BMLVW,0.017157827,60.5,Two year
1971-DTCZB,0.021109154,90.95,Two year
3092-IGHWF,0.07065344,87.4,One year
3374-PZLXD,0.0665502,19.7,Month-to-month
3813-DHBBB,0.019598069,50.95,Two year
2812-REYAT,0.0358842,20.05,One year
6518-PPLMZ,0.017636135,19.4,Two year
4939-KYYPY,0.13768442,59.45,Month-to-month
8017-LXHFA,0.5647028,94.75,Month-to-month
5930-GBIWP,0.016177913,81.5,Two year
6022-KOUQO,0.394904,29.05,Month-to-month
6352-TWCAU,0.5362426,86.45,Month-to-month
2361-UPSND,0.06378795,70.6,One year
6035-RIIOM,0.12051963,97.2,Two year
2929-QNSRW,0.28286457,98.25,One year
1262-OPMFY,0.44402206,75.75,Month-to-month
9504-DSHWM,0.15219887,59.2,Month-to-month
5035-BVCXS,0.46249303,75.9,Month-to-month
6267-DCFFZ,0.5905872,90.05,Month-to-month
3533-UVMOM,0.0161506,70.95,Two year
2439-LYPMQ,0.5629498,102.6,Month-to-month
4248-QPAVC,0.3916,85.35,Month-to-month
1899-VXWXM,0.26476288,106.1,One year
1478-VPOAD,0.5566174,43.8,Month-to-month
9995-HOTOH,0.04694609,59.0,Two year
2988-PLAHS,0.42112303,69.95,One year
1371-OJCEK,0.032814324,24.35,One year
4999-IEZLT,0.034031734,29.45,One year
8883-ANODQ,0.025673307,84.4,Two year
4690-LLKUA,0.28263146,45.05,Month-to-month
2351-RRBUE,0.05123183,20.65,One year
5980-BDHPY,0.018343465,87.1,Two year
1498-DQNRX,0.066228844,19.85,Month-to-month
9469-WEJBT,0.25501293,90.35,Month-to-month
3331-HQDTW,0.3815063,109.8,Month-to-month
9490-DFPMD,0.47483322,84.65,Month-to-month
2581-VKIRT,0.0388703,65.5,One year
5442-XSDCW,0.56472474,79.5,Month-to-month
7426-WEIJX,0.2858363,80.95,Month-to-month
2851-MMUTZ,0.13197428,56.15,Month-to-month
3049-NDXFL,0.78691363,85.8,Month-to-month
8580-AECUZ,0.84387815,79.1,Month-to-month
3307-TLCUD,0.17458272,34.4,Month-to-month
6625-FLENO,0.011645681,20.75,Two year
2967-MXRAV,0.10141711,18.8,One year
7963-GQRMY,0.28670332,44.3,Month-to-month
8189-HBVRW,0.20363052,90.8,Month-to-month
4163-KIUHY,0.13084704,25.6,Month-to-month
1228-FZFRV,0.2843353,105.95,Month-to-month
3500-NSDOA,0.020203277,70.8,Two year
1171-TYKUR,0.09427183,25.4,Month-to-month
3761-FLYZI,0.36908102,108.8,Month-to-month
2058-DCJBE,0.6321147,69.75,Month-to-month
5364-XYIRR,0.43293577,94.65,Month-to-month
4829-AUOAX,0.3544971,96.05,Month-to-month
1219-NNDDO,0.6430586,76.85,Month-to-month
8388-DMKAE,0.020695953,20.25,Two year
4403-BWPAY,0.062182054,24.8,One year
9659-QEQSY,0.38366318,115.65,Month-to-month
5405-ZMYXQ,0.588243,74.6,Month-to-month
5047-LHVLY,0.6411185,50.15,Month-to-month
1442-OKRJE,0.16561018,103.15,One year
4737-AQCPU,0.01654239,72.1,Two year
9158-VCTQB,0.34268162,113.6,Month-to-month
2808-CHTDM,0.013949321,25.1,Two year
6311-UEUME,0.5136348,78.9,Month-to-month
0793-TWELN,0.6587843,80.15,Month-to-month
3283-WCWXT,0.021665877,25.4,Two year
1060-ENTOF,0.14021538,105.4,One year
0999-QXNSA,0.3715362,45.75,Month-to-month
5451-MHQOF,0.041247446,24.45,One year
4836-WNFNO,0.009050148,25.0,Two year
9225-BZLNZ,0.046168953,85.25,Two year
0354-VXMJC,0.010918125,19.6,Two year
4422-QVIJA,0.13872512,50.15,Month-to-month
9365-SRSZE,0.5085964,70.55,Month-to-month
6839-ITVZJ,0.17928174,60.05,Month-to-month
8332-OSJDW,0.038431067,26.4,One year
4735-BJKOU,0.012325978,20.15,Two year
0274-JKUJR,0.20462176,58.85,Month-to-month
5740-YHGTW,0.24484108,97.55,Month-to-month
8917-SZTTJ,0.011140241,19.65,Two year
1696-MZVAU,0.07290503,25.25,One year
7359-WWYJV,0.056714512,114.45,Two year
0375-HVGXO,0.7237191,34.7,Month-to-month
4906-ZHGPK,0.08085836,70.7,One year
8593-WHYHV,0.7877854,85.3,Month-to-month
3795-GWTRD,0.014421085,75.55,Two year
1298-PHBTI,0.04773999,84.8,Two year
6223-DHJGV,0.035871692,20.65,One year
6961-MJKBO,0.014869173,20.45,Two year
6097-EQISJ,0.18115309,102.45,One year
4423-YLHDV,0.49732855,104.4,Month-to-month
8158-WPEZG,0.2886471,35.65,Month-to-month
0107-YHINA,0.87596416,99.75,Month-to-month
4918-FYJNT,0.24355802,90.45,Month-to-month
0727-BNRLG,0.044636056,97.65,Two year
4854-CIDCF,0.6599174,73.85,Month-to-month
8640-SDGKB,0.3784033,74.4,Month-to-month
3280-MRDOF,0.038079888,69.1,Two year
6435-SRWBJ,0.69805384,82.75,Month-to-month
9964-WBQDJ,0.012657659,24.4,Two year
6303-KFWSL,0.1273693,55.25,One year
1702-CCFNJ,0.1408628,61.35,Month-to-month
8932-CZHRQ,0.06630507,76.75,One year
0386-CWRGM,0.013986828,19.4,Two year
5515-RUGKN,0.29080305,54.75,Month-to-month
0404-AHASP,0.008899793,19.7,Two year
7279-NMVJC,0.037850432,19.9,One year
2081-VEYEH,0.7547,107.95,Month-to-month
6407-UTSLV,0.70877546,83.8,Month-to-month
4116-TZAQJ,0.38159224,74.25,Month-to-month
9060-HJJRW,0.16535471,56.4,One year
2587-YNLES,0.021829605,20.1,Two year
7398-SKNQZ,0.75068885,94.9,Month-to-month
5935-FCCNB,0.6900255,94.2,Month-to-month
1958-RNRKS,0.1629474,49.9,Month-to-month
5136-RGMZO,0.19872789,71.05,Month-to-month
8345-MVDYC,0.023381624,81.65,Two year
8226-BXGES,0.04605066,89.45,One year
3877-JRJIP,0.70888263,59.85,Month-to-month
8375-DKEBR,0.8093406,69.6,Month-to-month
9705-IOVQQ,0.23683996,99.0,One year
1015-OWJKI,0.28591722,19.05,Month-to-month
7511-YMXVQ,0.42454946,45.4,Month-to-month
2040-XBAVJ,0.046344876,114.45,Two year
7551-JOHTI,0.289712,19.5,Month-to-month
8887-IPQNC,0.2960441,44.25,Month-to-month
8646-JCOMS,0.06683128,90.55,One year
9804-ICWBG,0.82737917,69.9,Month-to-month
1222-KJNZD,0.0909614,20.4,Month-to-month
0106-GHRQR,0.23970842,71.4,Month-to-month
5318-IXUZF,0.6681862,87.15,Month-to-month
3768-VHXQO,0.008732022,24.85,Two year
8952-WCVCD,0.18276891,104.45,One year
2418-TPEUN,0.017041866,19.8,Two year
3963-RYFNS,0.04272891,116.45,Two year
3198-VELRD,0.6979139,84.75,Month-to-month
8540-ZQGEA,0.011159763,20.05,Two year
1320-REHCS,0.40313798,110.75,Month-to-month
4137-JOPHL,0.02993098,89.7,Two year
9436-ZBZCT,0.5986032,89.95,Month-to-month
7801-CEDNV,0.042841412,48.7,One year
2057-BOYKM,0.037846804,96.6,Two year
3658-QQJYD,0.07525773,74.3,One year
1803-BGNBD,0.28404972,54.3,Month-to-month
0134-XWXCE,0.1252464,74.85,One year
6950-TWMYB,0.02376088,79.95,Two year
5848-FHRFC,0.009833332,20.05,Two year
2243-FNMMI,0.06962899,19.4,Month-to-month
2511-MORQY,0.05875584,54.9,One year
5356-KZCKT,0.01823573,24.45,Two year
9470-XCCEM,0.36916828,89.65,Month-to-month
6519-CFDBX,0.6990207,45.4,Month-to-month
3902-MIVLE,0.014872532,75.7,Two year
0409-WTMPL,0.16852318,110.65,One year
8763-KIAFH,0.02690342,20.55,One year
3669-WHAFY,0.03719721,115.15,Two year
3055-VTCGS,0.067085855,58.55,One year
3144-KMTWZ,0.20645438,93.25,Month-to-month
7279-BUYWN,0.44352743,113.2,Month-to-month
7156-MHUGY,0.6303729,90.5,Month-to-month
7198-GLXTC,0.7109073,79.0,Month-to-month
2007-QVGAW,0.0126277665,19.35,Two year
5207-PLSTK,0.4841345,48.75,Month-to-month
2307-FYNNL,0.13161813,109.05,Two year
5605-XNWEN,0.017501308,25.0,Two year
2155-AMQRX,0.14444542,54.9,Month-to-month
6181-AXXYF,0.008515585,24.75,Two year
5091-HFAZW,0.7436805,91.15,Month-to-month
0516-VRYBW,0.021414772,20.15,One year
2519-LBNQL,0.3570743,104.35,One year
8623-ULFNQ,0.25050002,66.05,Month-to-month
8380-PEFPE,0.8290871,71.65,Month-to-month
5687-DKDTV,0.17037956,20.35,Month-to-month
1568-LJSZU,0.015270482,92.2,Two year
7530-HDYDS,0.2526224,84.25,Month-to-month
7789-HKSBS,0.36329058,105.2,One year
7416-CKTEP,0.017740827,19.6,Two year
2586-CWXVV,0.1800475,30.4,Month-to-month
3096-IZETN,0.48056632,78.1,Month-to-month
2348-KCJLT,0.06019496,61.5,One year
8401-EMUWF,0.14315537,69.4,Month-to-month
4193-IBKSW,0.009575186,24.75,Two year
5377-NDTOU,0.017489545,91.05,Two year
5922-ABDVO,0.3777152,89.65,Month-to-month
2474-LCNUE,0.19386779,73.65,Month-to-month
0839-QNXME,0.010197054,19.4,Two year
3506-OVLKD,0.03201174,26.2,One year
9172-ANCRX,0.7712346,98.7,Month-to-month
6650-VJONK,0.5353027,43.85,Month-to-month
2178-PMGCJ,0.32642546,69.7,Month-to-month
7492-TAFJD,0.034416165,38.55,Two year
2773-MADBQ,0.026355892,53.1,Two year
6016-LVTJQ,0.04912094,20.65,Month-to-month
7860-KSUGX,0.015560884,64.45,Two year
8966-KZXXA,0.01224935,25.1,Two year
6910-HADCM,0.8158728,76.35,Month-to-month
4816-LXZYW,0.50525475,79.15,Month-to-month
9606-PBKBQ,0.613556,85.0,Month-to-month
5149-QYTTU,0.05666361,95.15,One year
2070-XYMFH,0.45125315,79.35,Month-to-month
2085-BOJKI,0.2946915,96.65,One year
0817-HSUSE,0.66497093,75.5,Month-to-month
5442-PPTJY,0.018820036,19.7,Two year
1927-QEWMY,0.008296344,20.5,Two year
1663-MHLHE,0.28591722,19.2,Month-to-month
5663-QBGIS,0.07677351,98.35,Two year
4450-MDZFX,0.21340276,74.35,Month-to-month
6701-DHKWQ,0.029884031,51.35,Two year
7554-AKDQF,0.23101231,45.65,Month-to-month
3536-IQCTX,0.4728939,85.3,Month-to-month
4911-BANWH,0.38820335,86.55,Month-to-month
8496-EJAUI,0.38058692,73.85,Month-to-month
0794-YVSGE,0.007560171,20.3,Two year
5423-BHIXO,0.23201762,54.2,Month-to-month
6908-VVYHM,0.3305109,90.65,Month-to-month
2959-EEXWB,0.18936831,50.9,Month-to-month
1839-UMACK,0.04949037,25.05,One year
3030-YDNRM,0.6195026,74.85,Month-to-month
7321-KKSDU,0.009329071,20.5,Two year
3402-XRIUO,0.16709462,63.55,Month-to-month
3132-TVFDZ,0.3579869,44.85,Month-to-month
8286-AFUYI,0.5065202,47.95,Month-to-month
8080-DDEMJ,0.5804238,45.1,Month-to-month
8356-WUAOJ,0.6630191,45.0,Month-to-month
6365-MTGZX,0.4355423,96.0,Month-to-month
1349-WXNGG,0.31150094,20.05,Month-to-month
8058-DMYRU,0.41085625,90.05,Month-to-month
9350-ZXYJC,0.032364823,25.3,Two year
6990-YNRIO,0.061235193,108.65,Two year
8958-JPTRR,0.042382527,24.3,One year
6959-GQEGV,0.19331518,75.95,Month-to-month
3173-WSSUE,0.009353075,19.7,Two year
1265-HVPZB,0.048835404,66.4,One year
4115-UMJFQ,0.09202979,35.75,One year
7369-TRPFD,0.03386601,18.8,One year
1098-KFQEC,0.010828511,19.4,Two year
7190-XHTWJ,0.027958844,19.3,One year
0621-TWIEM,0.3049727,45.55,Month-to-month
3537-RYBHH,0.16637766,67.45,Month-to-month
2485-ITVKB,0.7349943,35.1,Month-to-month
3669-OYSJI,0.4710977,46.2,Month-to-month
1612-EOHDH,0.55774564,45.15,Month-to-month
6702-OHFWR,0.81080675,43.3,Month-to-month
5296-BFCYD,0.015309488,20.1,Two year
4510-PYUSH,0.16880822,57.15,Month-to-month
9359-JANWS,0.01347749,58.9,Two year
7517-SAWMO,0.38958988,73.2,Month-to-month
4143-HHPMK,0.2832839,85.35,Month-to-month
3279-DYZQM,0.008658176,19.45,Two year
7054-LGEQW,0.4615426,45.95,Month-to-month
0523-VNGTF,0.2623286,50.5,Month-to-month
9575-IWCAZ,0.058274426,25.1,One year
7105-MXJLL,0.11198796,60.7,One year
7064-FRRSW,0.3766114,99.0,One year
7940-UQQUG,0.16680525,104.4,One year
0923-PNFUB,0.62480164,83.75,Month-to-month
3961-SXAXY,0.5590576,44.05,Month-to-month
7010-BRBUU,0.009078802,24.1,Two year
3566-HJGPK,0.5590302,45.55,Month-to-month
3062-ICYZQ,0.29221568,93.8,Month-to-month
9938-PRCVK,0.012412809,19.7,Two year
0973-KYVNF,0.017513372,70.65,Two year
5129-HHMZC,0.021208007,86.45,Two year
9637-CDTKZ,0.047230065,114.1,Two year
3946-JEWRQ,0.2082604,95.2,One year
7873-CVMAW,0.018068135,88.55,Two year
0463-WZZKO,0.2173251,20.75,Month-to-month
3494-JCHRQ,0.8256057,70.05,Month-to-month
6474-FVJLC,0.8238295,86.0,Month-to-month
4524-QCSSM,0.2565237,44.65,Month-to-month
5832-EXGTT,0.16097729,60.2,Month-to-month
8840-DQLGN,0.3042671,100.5,Month-to-month
2039-JONDJ,0.05201841,55.45,One year
7217-JYHOQ,0.115574576,70.3,Month-to-month
6695-FRVEC,0.014946693,60.4,Two year
4547-LYTDD,0.49223685,72.65,Month-to-month
9894-QMIMJ,0.06551075,55.8,One year
8069-YQQAJ,0.25755584,31.1,Month-to-month
6770-XUAGN,0.38169456,21.0,Month-to-month
4193-ORFCL,0.53307223,45.1,Month-to-month
1636-NTNCO,0.4774948,50.95,Month-to-month
3466-WAESX,0.2808621,69.1,Month-to-month
9281-PKKZE,0.3043759,43.95,Month-to-month
3638-VBZTA,0.016424125,86.5,Two year
7459-IMVYU,0.13793348,69.95,Month-to-month
7776-QWNFX,0.18808535,50.4,Month-to-month
6689-TCZHQ,0.6139068,78.95,Month-to-month
8563-OYMQY,0.4323892,90.95,Month-to-month
0754-EEBDC,0.030057143,19.9,Two year
5777-ZPQNC,0.06275841,20.15,One year
1951-IEYXM,0.0160353,90.6,Two year
3318-NMQXL,0.75879693,92.0,Month-to-month
3143-ILDAL,0.25877815,94.45,Month-to-month
1022-RKXDR,0.04266348,24.85,One year
2361-FJWNO,0.05504874,36.0,One year
2272-UOINI,0.24991992,78.5,Month-to-month
8232-UTFOZ,0.009421815,19.95,Two year
3750-YHRYO,0.049853697,20.65,One year
6637-KYRCV,0.492675,30.5,Month-to-month
5668-MEISB,0.04926938,106.1,Two year
0129-QMPDR,0.035401057,20.5,One year
7188-CBBBA,0.17079073,95.5,One year
5356-CSVSQ,0.49111825,64.6,Month-to-month
3221-CJMSG,0.13298959,51.1,Month-to-month
4720-VSTSI,0.2656787,84.8,Month-to-month
3219-JQRSL,0.021346005,89.1,Two year
2801-NISEI,0.107258596,54.95,Month-to-month
3946-MHCZW,0.49645752,50.9,Month-to-month
4623-ZKHLY,0.086406745,20.45,Month-to-month
6732-VAILE,0.020963576,85.95,Two year
8201-AAXCB,0.18003254,60.35,Month-to-month
7696-CFTAT,0.012928996,19.8,Two year
1845-CSBRZ,0.4017002,85.35,Month-to-month
2123-VSCOT,0.023707073,72.1,Two year
6651-AZVTJ,0.4684875,99.8,Month-to-month
4566-GOLUK,0.36501002,107.35,Month-to-month
2484-DGXPZ,0.06803029,19.55,Month-to-month
2018-QKYGT,0.82820725,81.05,Month-to-month
2792-VPPET,0.2761013,20.5,Month-to-month
7409-JURKQ,0.22770612,111.8,One year
3247-MHJKM,0.35752356,20.2,Month-to-month
1964-SVLEA,0.03975808,19.7,One year
4587-NUKOX,0.51847404,79.1,Month-to-month
7297-DVYGA,0.04381479,19.85,One year
2239-CGBUZ,0.06286507,60.5,One year
0854-UYHZD,0.014983419,19.55,Two year
7243-LCGGZ,0.34565106,20.9,Month-to-month
8267-KFGYD,0.35758942,21.05,Month-to-month
4890-VMUAV,0.045837257,71.5,One year
9261-WDCAF,0.43836236,54.65,Month-to-month
3764-MNMOI,0.013779253,19.2,Two year
7442-YGZFK,0.5318552,49.8,Month-to-month
0420-BWTPW,0.22569902,25.5,Month-to-month
8229-BUJHX,0.0090038795,20.5,Two year
7449-HVPIV,0.2955905,90.4,Month-to-month
5504-WSIUR,0.055697385,90.25,One year
8183-ONMXC,0.6868089,80.75,Month-to-month
8466-PZBLH,0.08166036,104.6,Two year
9614-RMGHA,0.22470151,91.85,Month-to-month
8735-IJJEG,0.17745326,50.2,Month-to-month
0564-MUUQK,0.37985018,95.5,Month-to-month
5054-IEXZT,0.79599285,75.35,Month-to-month
5834-ASPWA,0.85339844,75.45,Month-to-month
0701-RFGFI,0.3967179,95.4,Month-to-month
0019-EFAEP,0.053529974,101.3,Two year
5619-PTMIK,0.13075203,53.1,Month-to-month
3737-XBQDD,0.400548,84.85,Month-to-month
5882-CMAZQ,0.3820998,34.25,Month-to-month
5846-QFDFI,0.26296765,88.6,Month-to-month
4445-KWOKW,0.066784285,60.15,One year
3511-APPBJ,0.33252695,99.95,One year
7967-HYCDE,0.40065834,70.7,Month-to-month
2430-RRYUW,0.037450735,54.8,One year
3948-XHGNA,0.160668,49.55,Month-to-month
3723-BFBGR,0.17441452,54.8,Month-to-month
0565-IYCGT,0.04816842,78.6,One year
5447-WZAFP,0.22675483,100.3,One year
5110-CHOPY,0.08078441,53.6,Two year
5445-UTODQ,0.6345916,81.1,Month-to-month
4425-OWHWB,0.033074882,19.35,One year
7892-QVYKW,0.4208441,85.6,Month-to-month
9675-ICXCT,0.028158605,80.8,Two year
1024-VRZHF,0.6699806,74.95,Month-to-month
4703-MQYKT,0.012234047,19.6,Two year
9497-QCMMS,0.9000863,93.55,Month-to-month
5692-ICXLW,0.5714172,90.7,Month-to-month
0602-DDUML,0.01886613,69.75,Two year
2208-MPXIO,0.014324159,20.0,Two year
1960-UYCNN,0.7609716,95.25,Month-to-month
0348-SDKOL,0.3560124,102.1,Month-to-month
3190-FZATL,0.07750129,19.95,Month-to-month
7336-RLLRH,0.08420549,80.85,One year
4373-MAVJG,0.51844156,90.9,Month-to-month
8901-HJXTF,0.21376637,29.2,Month-to-month
7710-JSYOA,0.03137672,93.3,Two year
5419-KLXBN,0.36536747,89.15,Month-to-month
3424-NMNBO,0.3164496,108.85,One year
9885-MFVSU,0.024166921,46.35,Two year
4514-GFCFI,0.65166456,84.75,Month-to-month
0607-MVMGC,0.098399885,78.75,One year
3365-SAIGS,0.54315156,83.55,Month-to-month
9828-AOQLM,0.6060478,45.7,Month-to-month
8022-BECSI,0.029750865,19.6,One year
8000-REIQB,0.81954205,69.95,Month-to-month
9993-LHIEB,0.011408369,67.85,Two year
0266-CLZKZ,0.09086518,105.65,Two year
7615-ESMYF,0.61483246,44.6,Month-to-month
3858-VOBET,0.5035142,74.95,Month-to-month
7020-OZKXZ,0.49573502,75.5,Month-to-month
3977-QCRSL,0.15297173,20.15,Month-to-month
0017-DINOC,0.022459242,45.2,Two year
1447-PJGGA,0.17783608,95.25,Two year
8565-CLBZW,0.3738825,89.85,Month-to-month
9139-WQQDY,0.18341583,100.45,One year
0224-HJAPT,0.41221753,47.15,Month-to-month
8086-OVPWV,0.7400888,80.2,Month-to-month
9430-FRQOC,0.62924355,87.1,Month-to-month
7639-OPLNG,0.014407685,79.25,Two year
3074-GQWYX,0.60740435,75.9,Month-to-month
1492-QGCLU,0.16878545,85.7,Month-to-month
6845-RGTYS,0.36824554,98.75,Month-to-month
7328-OWMOM,0.028361158,20.1,One year
4418-LZMSV,0.15125354,61.8,Month-to-month
5155-AZQPB,0.14488718,49.9,Month-to-month
8861-HGGKB,0.6193321,86.45,Month-to-month
1087-GRUYI,0.01255243,20.4,Two year
7065-YUNRY,0.5881279,45.3,Month-to-month
7694-VLBWQ,0.26978114,104.1,One year
2546-KZAAT,0.084185414,75.4,One year
0181-RITDD,0.073,108.15,Two year
5989-PGKJB,0.53653646,86.25,Month-to-month
4795-KTRTH,0.7253476,81.0,Month-to-month
8272-ONJLV,0.34824315,95.7,One year
1488-PBLJN,0.046568833,116.85,Two year
0308-GIQJT,0.20508331,105.75,One year
3778-FOAQW,0.027883224,20.15,One year
4452-ROHMO,0.016172025,19.6,Two year
6481-OGDOO,0.06270022,90.6,One year
3090-LETTY,0.29571304,60.95,Month-to-month
5349-AZPEW,0.32303068,25.05,Month-to-month
3753-TSEMP,0.47636443,88.15,Month-to-month
8305-VHZBZ,0.35496908,20.2,Month-to-month
9720-JJJOR,0.061011337,60.3,One year
8100-HZZLJ,0.1773895,63.95,Month-to-month
8775-ERLNB,0.78675634,74.3,Month-to-month
8309-IEYJD,0.8279556,70.6,Month-to-month
9172-JITSM,0.5259711,90.8,Month-to-month
6298-QDFNH,0.50525475,79.35,Month-to-month
7398-HPYZQ,0.015231804,90.55,Two year
3546-GHEAE,0.020710247,19.45,Two year
7361-YPXFS,0.14865959,64.45,Month-to-month
6557-BZXLQ,0.48055008,69.65,Month-to-month
2550-QHZGP,0.050716314,19.5,One year
7519-JTWQH,0.08110912,110.5,Two year
2538-OIMXF,0.42171738,24.7,Month-to-month
8543-MSDMF,0.5107878,77.4,Month-to-month
9961-JBNMK,0.46406594,96.8,Month-to-month
1170-SASML,0.21671884,85.4,Month-to-month
4872-JCVCA,0.021854546,47.6,Two year
5346-BZCHP,0.008819675,19.4,Two year
2038-LLMLM,0.4312622,103.85,Month-to-month
6173-ITPWD,0.27402142,83.35,Month-to-month
9734-UYXQI,0.6068907,49.4,Month-to-month
1216-BGTSP,0.3820402,108.45,Month-to-month
4138-NAXED,0.2234049,81.0,Month-to-month
2189-UXTKY,0.17694859,79.2,Month-to-month
0744-BIKKF,0.019428317,86.65,Two year
7483-IQWIB,0.40461653,92.95,Month-to-month
5248-KWLAR,0.030543953,90.35,Two year
4958-GZWIY,0.25818115,48.7,Month-to-month
7996-MHXLW,0.014601523,25.15,Two year
7833-PKIHD,0.07583111,76.4,One year
7061-OVMIM,0.029053876,19.55,One year
5153-RTHKF,0.45950347,85.35,Month-to-month
1852-QSWCD,0.011090527,24.8,Two year
4832-VRBMR,0.23932528,103.15,One year
9079-LWTFD,0.27669883,100.75,Month-to-month
6356-ELRKD,0.82969433,95.6,Month-to-month
8624-GIOUT,0.14868213,59.75,Month-to-month
3392-EHMNK,0.07276354,94.1,Two year
5986-WWXDV,0.030427504,19.35,One year
3061-BCKYI,0.09129869,19.9,Month-to-month
6179-GJPSO,0.2914605,108.15,Month-to-month
7901-TBKJX,0.48551804,101.05,Month-to-month
7228-PAQPD,0.116185255,59.1,One year
3177-LASXD,0.7522972,71.35,Month-to-month
7746-QYVCO,0.063843966,55.85,One year
5804-HYIEZ,0.3048544,106.05,Month-to-month
9919-FZDED,0.029292166,84.1,Two year
5934-TSSAU,0.36746228,75.3,Month-to-month
3486-KHMLI,0.077525176,24.7,Month-to-month
4897-QSUYC,0.36869204,20.15,Month-to-month
1084-UQCHV,0.713073,69.75,Month-to-month
8290-YWKHZ,0.5889843,93.2,Month-to-month
2955-BJZHG,0.42845324,80.85,Month-to-month
3806-DXQOM,0.45872667,33.65,Month-to-month
6784-XYJAE,0.08284401,55.8,One year
3933-DQPWX,0.024706908,39.7,Two year
6661-EIPZC,0.14032547,29.5,Month-to-month
8957-THMOA,0.009983985,20.15,Two year
2251-PYLPB,0.01563134,79.55,Two year
5555-RNPGT,0.11342781,24.8,Month-to-month
1057-FOGLZ,0.07107662,19.65,Month-to-month
9300-RENDD,0.86106217,79.95,Month-to-month
0761-AETCS,0.2762013,19.3,Month-to-month
8087-LGYHQ,0.698964,94.05,Month-to-month
4137-BTIKL,0.56127536,90.75,Month-to-month
2190-BCXEC,0.3164815,78.85,Month-to-month
6227-FBDXH,0.22117539,99.5,One year
2153-MREFK,0.21641922,99.2,One year
2911-WDXMV,0.40526712,80.55,Month-to-month
7206-PQBBZ,0.640877,70.2,Month-to-month
3106-ULWFW,0.64301854,85.2,Month-to-month
0925-VYDLG,0.6561013,75.25,Month-to-month
4547-FZJWE,0.07650698,59.45,One year
7422-WNBTY,0.4729557,93.35,Month-to-month
0842-IWYCP,0.117963724,44.95,Month-to-month
3521-HTQTV,0.016747694,26.1,Two year
3744-ZBHON,0.20301978,20.2,Month-to-month
3373-DIUUN,0.009990227,21.25,Two year
8383-SGHJU,0.06486919,59.4,One year
7607-QKKTJ,0.14131305,95.0,One year
7707-PYBBH,0.10709339,61.9,Month-to-month
8984-HPEMB,0.04911879,118.65,Two year
4349-GFQHK,0.61018795,54.35,Month-to-month
4139-DETXS,0.015045505,64.45,Two year
9779-DPNEJ,0.4763511,80.15,Month-to-month
9805-FILKB,0.03103983,20.2,One year
5793-YOLJN,0.009853135,21.0,Two year
0673-IGUQO,0.31686434,20.45,Month-to-month
4123-FCVCB,0.19837342,75.85,One year
8819-IMISP,0.48645696,80.45,Month-to-month
7802-EFKNY,0.5955535,24.95,Month-to-month
8311-UEUAB,0.05593208,75.5,Two year
5858-EAFCZ,0.4689193,44.45,Month-to-month
8035-BUYVG,0.072787814,42.35,One year
1163-ONYEY,0.15086284,74.55,Month-to-month
9787-XVQIU,0.8249646,75.3,Month-to-month
8945-MUQUF,0.14017528,94.8,One year
5656-MJEFC,0.022948822,48.15,Two year
6082-OQFBA,0.02865867,19.65,One year
8051-HJRLT,0.865705,70.55,Month-to-month
8974-OVACP,0.36356094,20.15,Month-to-month
4010-YLMVT,0.37626883,106.6,Month-to-month
1379-FRVEB,0.5436462,91.0,Month-to-month
8612-GXIDD,0.02534602,25.4,Two year
6288-CHQJB,0.018763656,69.95,Two year
8160-HOWOX,0.40711045,66.85,Month-to-month
3023-GFLBR,0.31167713,86.15,Month-to-month
6648-INWPS,0.09006536,20.15,Month-to-month
4223-BKEOR,0.06973746,64.85,One year
4079-VTGLK,0.11695328,74.85,Two year
1763-WQFUK,0.36097255,50.5,Month-to-month
1391-UBDAR,0.48958167,72.9,Month-to-month
8894-JVDCV,0.14690372,115.05,One year
2023-VQFDL,0.07946226,19.0,Month-to-month
1345-GKDZZ,0.11903109,19.55,Month-to-month
2014-MKGMH,0.3519767,101.1,One year
5628-FCGYG,0.5287302,84.1,Month-to-month
2560-WBWXF,0.014131977,24.15,Two year
0248-IPDFW,0.6652518,50.1,Month-to-month
7978-DKUQH,0.45585188,74.6,Month-to-month
4335-UPJSI,0.012783855,19.75,Two year
0524-IAVZO,0.5546483,85.0,Month-to-month
2737-YNGYW,0.66618717,80.55,Month-to-month
1784-EZDKJ,0.30047345,106.8,One year
9297-FVVDH,0.051606897,84.5,Two year
8007-YYPWD,0.017298086,25.05,Two year
7101-HRBLJ,0.01796239,83.7,Two year
5159-YFPKQ,0.7151198,75.8,Month-to-month
6635-CPNUN,0.35048333,96.6,Month-to-month
4021-RQSNY,0.6795485,98.5,Month-to-month
5453-YBTWV,0.04829529,101.1,Two year
5039-LZRQT,0.03598998,20.2,One year
2931-VUVJN,0.13333303,94.05,One year
9061-TIHDA,0.76121414,95.25,Month-to-month
8699-ASUFO,0.5781604,74.4,Month-to-month
6418-PIQSP,0.020651428,81.0,Two year
8220-OCUFY,0.070446886,60.25,One year
3995-WFCSM,0.555233,60.85,Month-to-month
1895-QTKDO,0.471498,43.95,Month-to-month
2038-OEQZH,0.6026817,86.05,Month-to-month
1178-PZGAB,0.025118235,20.25,One year
7927-AUXBZ,0.31230825,85.15,Month-to-month
2626-VEEWG,0.012370413,19.4,Two year
2878-RMWXY,0.06629148,102.65,Two year
1657-DYMBM,0.0122588035,19.9,Two year
7311-MQJCH,0.07207099,19.55,One year
7375-WMVMT,0.09502714,95.5,Two year
1136-XGEQU,0.08951865,84.15,One year
2530-FMFXO,0.13025866,103.2,Two year
6844-DZKRF,0.43145213,50.2,Month-to-month
4695-WJZUE,0.8139727,88.55,Month-to-month
7619-ODSGN,0.14712843,54.75,Month-to-month
5970-GHJAW,0.013081134,19.95,Two year
8879-XUAHX,0.061037008,116.25,Two year
3689-MOZGR,0.29123986,31.2,Month-to-month
4195-PNGZS,0.0102036055,24.45,Two year
5003-XZWWO,0.01993292,84.2,Two year
3988-RQIXO,0.86980164,91.3,Month-to-month
7622-FWGEW,0.033242214,85.65,Two year
6922-NCEDI,0.029816044,21.2,One year
2514-GINMM,0.86455363,79.5,Month-to-month
9891-NQDBD,0.028927956,25.55,One year
6131-IUNXN,0.066145465,20.2,Month-to-month
8548-AWOFC,0.109859355,63.85,Month-to-month
9798-DRYDS,0.10539171,61.95,One year
8532-UEFWH,0.013597043,25.75,Two year
6296-DDOOR,0.11141958,58.2,One year
7951-VRDVK,0.11623807,85.85,One year
5931-FLJJF,0.4784252,70.1,Month-to-month
4815-YOSUK,0.13975194,104.9,One year
2659-VXMWZ,0.18842503,111.3,One year
0380-NEAVX,0.33088672,99.85,One year
3207-OYBWH,0.33209732,95.25,Month-to-month
4285-GYRQC,0.6576216,86.25,Month-to-month
7216-EWTRS,0.91119146,100.8,Month-to-month
4365-MSDYN,0.14662468,19.55,Month-to-month
7036-TYDEC,0.10194955,104.0,Two year
5802-ADBRC,0.24368805,104.4,One year
8076-FEZKJ,0.048212487,19.5,One year
5197-YPYBZ,0.017227981,25.25,Two year
8337-MSSXB,0.6264167,86.3,Month-to-month
4312-GVYNH,0.026957033,49.85,Two year
8495-LJDFO,0.23913497,108.95,Month-to-month
0839-JTCUD,0.016805159,89.9,Two year
5494-WOZRZ,0.018793613,82.0,Two year
1302-UHBDD,0.46256852,89.95,Month-to-month
2234-EOFPT,0.016243229,79.35,Two year
8619-IJNDK,0.010452565,64.05,Two year
8378-LKJAF,0.3906508,101.15,Month-to-month
8182-BJDSI,0.5164019,89.95,Month-to-month
2528-HFYZX,0.5569138,76.45,Month-to-month
1153-GNOLC,0.16403157,39.1,One year
3298-QEICA,0.024950536,34.6,Two year
0788-DXBFY,0.04900218,19.55,One year
3597-YASZG,0.084856376,104.45,Two year
3496-LFSZU,0.54144454,70.5,Month-to-month
5242-UOWHD,0.011741972,20.35,Two year
2482-CZGBB,0.60460156,70.0,Month-to-month
6479-SZPLM,0.010646537,19.45,Two year
8097-VBQTZ,0.091770805,69.9,Month-to-month
4500-HKANN,0.019941725,59.7,Two year
9917-KWRBE,0.07975929,78.35,One year
3420-ZDBMA,0.49494874,71.45,Month-to-month
2212-LYASK,0.13343035,45.85,One year
1393-IMKZG,0.8185065,95.85,Month-to-month
8069-RHUXK,0.020966614,35.7,Two year
3398-GCPMU,0.024441874,89.55,Two year
2908-WGAXL,0.01558487,24.95,Two year
3378-AJRAO,0.034337163,24.85,One year
1013-QCWAM,0.41008234,100.8,Month-to-month
0866-QLSIR,0.053674493,64.4,One year
6050-FFXES,0.065068275,105.35,Two year
7181-BQYBV,0.8350353,102.45,Month-to-month
0362-RAOQO,0.013792789,19.65,Two year
9554-DFKIC,0.15693419,54.45,Month-to-month
5527-ACHSO,0.19462867,70.5,Month-to-month
0829-DDVLK,0.040247887,20.1,One year
1399-UBQIU,0.38447356,69.35,Month-to-month
1813-JLKWR,0.024610152,19.8,One year
0336-PIKEI,0.017436193,74.4,Two year
7322-OCWHC,0.032135632,93.05,Two year
9537-VHDTA,0.5252594,51.2,Month-to-month
4957-TIALW,0.054705456,65.6,One year
2054-PJOCK,0.08736208,80.55,One year
9150-HEPMB,0.044305414,52.7,One year
9030-QGZNL,0.017852694,20.85,Two year
6204-IEUXJ,0.5814481,80.1,Month-to-month
3126-WQMGH,0.16956678,52.15,Month-to-month
4529-CKBCL,0.7158138,80.2,Month-to-month
2506-CLAKW,0.55949324,98.15,Month-to-month
7176-WRTNX,0.080224104,114.95,Two year
1583-IHQZE,0.47629496,112.95,Month-to-month
5732-IKGQH,0.24367666,104.45,One year
9239-GZHZE,0.05170246,113.65,Two year
7205-BAIAD,0.017401826,20.6,Two year
0151-ONTOV,0.6923333,70.9,Month-to-month
4140-MUHUG,0.739121,86.85,Month-to-month
0093-EXYQL,0.43993443,91.55,Month-to-month
8064-RAVOH,0.6365914,49.85,Month-to-month
0219-QAERP,0.02885289,19.8,One year
0320-JDNQG,0.4204714,99.85,Month-to-month
7180-PISOG,0.847697,74.5,Month-to-month
9168-INPSZ,0.53806514,104.15,Month-to-month
3571-RFHAR,0.34550676,109.15,Month-to-month
0015-UOCOJ,0.36154503,48.2,Month-to-month
5334-AFQJB,0.018225238,25.1,Two year
2754-SDJRD,0.734864,100.15,Month-to-month
9578-VRMNM,0.30890182,65.2,Month-to-month
1587-FKLZB,0.2997661,99.5,Month-to-month
6140-QNRQQ,0.7056845,71.55,Month-to-month
8963-JLGJT,0.3128926,55.9,Month-to-month
4307-KTUMW,0.22685191,93.9,Month-to-month
1465-LNTLJ,0.24423203,64.4,Month-to-month
5440-FLBQG,0.095485486,108.4,Two year
2135-DQWAQ,0.5830783,85.3,Month-to-month
4056-QHXHZ,0.0601671,107.45,Two year
7470-MCQTK,0.35983434,48.75,Month-to-month
7488-MXJIV,0.75811803,85.65,Month-to-month
7401-JIXNM,0.018870795,91.3,Two year
9339-FIIJL,0.021213297,85.95,Two year
2027-FECZV,0.65951556,106.7,Month-to-month
2672-DZUOY,0.708686,25.15,Month-to-month
4706-DGAHW,0.71361995,45.2,Month-to-month
3870-MQAMG,0.2602088,110.35,One year
6670-MFRPK,0.043631937,79.2,Two year
6177-PEVRA,0.01928393,55.5,Two year
4800-CZMPC,0.16519171,103.25,One year
4813-HQMGZ,0.6433189,90.25,Month-to-month
7579-KKLOE,0.016166154,91.25,Two year
7377-DMMRI,0.49276948,47.8,Month-to-month
8402-EIVQS,0.14963768,100.9,One year
4947-DSMXK,0.43071488,97.7,Month-to-month
7245-NIIWQ,0.6581229,69.85,Month-to-month
0002-ORFBO,0.119330846,65.6,One year
3324-OIRTO,0.14933786,104.65,One year
5414-OFQCB,0.044732768,90.45,Two year
4967-WPNCF,0.015000552,63.7,Two year
8552-OBVRU,0.34582895,104.5,Month-to-month
8499-BRXTD,0.026667733,20.1,One year
9154-QDGTH,0.2312736,104.3,One year
8197-BFWVU,0.039419584,93.25,Two year
2577-GVSIL,0.11824067,73.45,One year
9367-OIUXP,0.15545282,20.7,Month-to-month
6770-UAYGJ,0.010348887,25.25,Two year
6463-HHXJR,0.041642576,100.5,Two year
7928-VJYAB,0.54415524,90.6,Month-to-month
1187-WILMM,0.019229721,89.4,Two year
9776-OJUZI,0.332027,95.45,Month-to-month
1306-RPWXZ,0.013638549,20.45,Two year
8949-JTMAY,0.52332485,98.6,Month-to-month
2774-LVQUS,0.53970784,83.05,Month-to-month
3097-PYWXL,0.19421616,19.95,Month-to-month
2266-SJNAT,0.19253534,109.15,One year
0869-PAPRP,0.36874136,85.7,Month-to-month
4238-JSSWH,0.44913003,102.05,Month-to-month
2972-YDYUW,0.1486875,94.7,One year
1104-FEJAM,0.16197246,64.4,Month-to-month
2809-ILCYT,0.05127807,26.8,One year
5499-ECUTN,0.077531725,66.05,One year
4981-FLTMF,0.084202275,65.2,Month-to-month
9121-PHQSR,0.5869295,85.05,Month-to-month
3113-IWHLC,0.24676701,55.8,Month-to-month
3211-ILJTT,0.42183408,70.4,Month-to-month
4612-THJBS,0.2712245,104.75,One year
4277-BWBML,0.00862,19.95,Two year
4094-NSEDU,0.6537673,94.25,Month-to-month
0234-TEVTT,0.08933555,45.0,One year
4304-TSPVK,0.073837064,114.9,Two year
1552-AAGRX,0.38783252,106.4,Month-to-month
2637-FKFSY,0.41630197,46.1,Month-to-month
9796-MVYXX,0.050453495,39.7,Two year
7874-ECPQJ,0.16811879,20.05,Month-to-month
0020-INWCK,0.10591152,95.75,Two year
7089-RKVSZ,0.05872929,24.4,One year
2683-JXWQQ,0.0924444,33.6,Month-to-month
9548-ZMVTX,0.016333269,90.45,Two year
8739-XNIKG,0.72332054,84.0,Month-to-month
9755-JHNMN,0.020355104,67.4,Two year
3981-QSVQI,0.13271797,19.7,Month-to-month
2789-HQBOU,0.7195845,80.35,Month-to-month
9424-CMPOG,0.0185538,19.6,Two year
5067-WJEUN,0.013822346,54.2,Two year
3450-WXOAT,0.15985662,45.2,Month-to-month
9251-WNSOD,0.05825419,75.1,One year
6974-DAFLI,0.044146262,19.7,One year
2616-UUTFK,0.15005772,72.75,Month-to-month
7064-JHXCE,0.009243216,20.05,Two year
5103-MHMHY,0.47136715,45.95,Month-to-month
7989-AWGEH,0.20396978,39.2,Month-to-month
4373-VVHQL,0.6506786,44.75,Month-to-month
4559-UWIHT,0.6237197,82.65,Month-to-month
7268-IGMFD,0.3848984,93.9,Month-to-month
1846-XWOQN,0.8227164,70.15,Month-to-month
0235-KGSLC,0.7730026,85.55,Month-to-month
6650-BWFRT,0.05725394,117.15,Two year
9570-KYEUA,0.03235756,99.25,Two year
6993-YGFJV,0.0653788,112.55,Two year
2712-SYWAY,0.3937493,25.7,Month-to-month
0730-BGQGF,0.015110554,90.3,Two year
5498-IBWPI,0.058776807,49.4,One year
9101-NTIXF,0.18722576,19.4,Month-to-month
0013-SMEOE,0.05081437,109.7,Two year
9314-QDMDW,0.13972501,61.25,One year
9308-ANMVE,0.18734086,55.3,Month-to-month
2884-GBPFB,0.43959618,70.3,Month-to-month
3757-NJYBX,0.35999057,106.35,Month-to-month
3413-DHLPB,0.30760655,103.75,Month-to-month
7649-PHJVR,0.044799518,19.5,One year
6114-TCFID,0.06307929,39.5,One year
3787-TRIAL,0.23770806,26.05,Month-to-month
2573-GYRUU,0.41075444,91.05,Month-to-month
5156-UMKOW,0.4166868,29.65,Month-to-month
1247-QBVSH,0.10477373,50.2,Month-to-month
6734-GMPVK,0.75219905,105.3,Month-to-month
9822-OAOVB,0.70434844,55.45,Month-to-month
6161-ERDGD,0.10203186,85.45,One year
1226-JZNKR,0.06568991,19.8,One year
7318-EIVKO,0.36879656,59.25,Month-to-month
3771-PZOBW,0.3758975,90.7,Month-to-month
5136-KCKGI,0.18749316,103.7,One year
8231-BSWXX,0.09131571,79.05,One year
6486-LHTMA,0.36389384,90.7,One year
4083-BFNYK,0.15133654,95.0,One year
3722-WPXTK,0.8525823,88.35,Month-to-month
7389-KBFIT,0.5281493,30.25,Month-to-month
7176-WIONM,0.2989333,49.85,Month-to-month
5141-ZUVBH,0.43819702,93.0,Month-to-month
1089-HDMKP,0.2470841,54.55,Month-to-month
7623-HKYRK,0.14140002,19.7,Month-to-month
0310-SUCIN,0.06474265,84.8,One year
5197-PYEPU,0.08451982,94.45,One year
2929-ERCFZ,0.71510625,94.2,Month-to-month
7548-SEPYI,0.7238854,96.25,Month-to-month
8835-VSDSE,0.68366146,70.7,Month-to-month
6619-RPLQZ,0.010182155,20.85,Two year
3275-RHRNE,0.12936307,60.0,One year
3503-TYDAY,0.3542988,80.45,Month-to-month
6901-GOGZG,0.037248354,84.95,Two year
1623-NLDOT,0.040411532,33.55,One year
7021-XSNYE,0.034926955,49.65,Two year
9621-OUPYD,0.035148997,20.2,One year
9898-KZQDZ,0.4005281,94.55,Month-to-month
8982-NHAVY,0.35275716,100.5,One year
4307-KWMXE,0.2387753,35.75,Month-to-month
0141-YEAYS,0.48523584,86.45,Month-to-month
2450-ZKEED,0.06720329,53.8,One year
3694-DELSO,0.32315707,38.55,Month-to-month
3893-JRNFS,0.20715861,39.9,Month-to-month
9603-OAIHC,0.8227164,70.05,Month-to-month
1133-KXCGE,0.02450576,20.1,One year
5236-PERKL,0.086666025,112.95,Two year
0142-GVYSN,0.10989787,20.3,Month-to-month
1049-FYSYG,0.23098148,35.65,Month-to-month
7854-FOKSF,0.6171004,35.9,Month-to-month
2519-FAKOD,0.4309589,99.25,Month-to-month
8406-LNMHF,0.06950046,82.95,One year
1821-BUCWY,0.01960259,55.65,Two year
8263-JQAIK,0.58536834,24.45,Month-to-month
0023-UYUPN,0.06480497,25.2,One year
8314-DPQHL,0.104310334,50.8,One year
1465-WCZVT,0.17599991,19.65,Month-to-month
9481-SFCQY,0.25909954,59.8,Month-to-month
6360-SVNWV,0.261688,73.55,Month-to-month
0567-GGCAC,0.1859042,61.4,Month-to-month
7089-IVVAZ,0.6720152,103.35,Month-to-month
8884-MRNSU,0.037359122,19.9,One year
2171-UDMFD,0.09718539,19.45,Month-to-month
9050-IKDZA,0.63902456,81.5,Month-to-month
2205-YMZZJ,0.75628906,84.8,Month-to-month
9802-CAQUT,0.041938897,109.55,Two year
1254-IZEYF,0.59527415,99.95,Month-to-month
0187-WZNAB,0.20233326,74.4,Month-to-month
9492-TOKRI,0.43358997,90.0,Month-to-month
1475-VWVDO,0.5985456,74.9,Month-to-month
9221-OTIVJ,0.6717936,104.85,Month-to-month
1357-MVDOZ,0.25272068,59.65,Month-to-month
7602-MVRMB,0.03936327,110.45,Two year
3325-FUYCG,0.27170306,106.1,One year
5908-QMGOE,0.5180623,74.2,Month-to-month
1197-BVMVG,0.7519223,74.45,Month-to-month
5406-KGRMX,0.02739474,24.55,Two year
8481-YYXWG,0.58987457,89.35,Month-to-month
5968-HYJRZ,0.015484278,24.55,Two year
5198-EFNBM,0.17392738,90.65,One year
7516-GMHUV,0.16279498,105.05,Two year
7140-ADSMJ,0.13816626,20.45,Month-to-month
2230-XTUWL,0.013199381,19.55,Two year
7706-YLMQA,0.027717419,19.7,One year
2585-KTFRE,0.5001569,70.45,Month-to-month
7994-UYIVZ,0.6492415,85.65,Month-to-month
2609-IAICY,0.842643,77.15,Month-to-month
1740-CSDJP,0.63111466,35.25,Month-to-month
7717-BICXI,0.01298595,20.55,Two year
6559-RAKOZ,0.30921474,97.95,One year
2636-OHFMN,0.59608054,48.55,Month-to-month
4716-MRVEN,0.027321337,20.0,One year
2143-LJULT,0.013160278,25.25,Two year
1323-OOEPC,0.38326997,98.4,Month-to-month
3200-MNQTF,0.014332476,70.9,Two year
6164-HXUGH,0.12721886,19.85,Month-to-month
5630-IXDXV,0.49494553,106.35,Month-to-month
0320-DWVTU,0.03386222,99.5,Two year
9135-MGVPY,0.017839512,84.7,Two year
1212-GLHMD,0.5449049,86.05,Month-to-month
7878-JGDKK,0.30845362,44.55,Month-to-month
1088-AUUZZ,0.0178346,75.85,Two year
0397-GZBBC,0.3901189,93.85,Month-to-month
6614-YWYSC,0.0160367,25.0,Two year
9588-OZDMQ,0.5866259,45.0,Month-to-month
7641-EUYET,0.42280182,100.7,Month-to-month
6476-EPYZR,0.091622375,20.5,Month-to-month
9921-ZVRHG,0.62327236,80.45,Month-to-month
1174-FGIFN,0.30547503,90.45,One year
6620-HVDUJ,0.09346127,60.45,Month-to-month
4701-MLJPN,0.16269481,55.25,Month-to-month
1032-MAELW,0.06342763,78.45,One year
7641-TQFHN,0.07577393,100.55,Two year
1552-TKMXS,0.057161354,20.35,Month-to-month
9206-GVPEQ,0.26367393,54.45,Month-to-month
8622-ZLFKO,0.7518882,90.75,Month-to-month
1596-BBVTG,0.29997224,75.35,Month-to-month
6188-UXBBR,0.03495448,20.25,One year
2333-KWEWW,0.013006925,20.05,Two year
5702-SKUOB,0.14073108,19.6,Month-to-month
1134-YWTYF,0.15202019,53.8,Month-to-month
6061-GWWAV,0.05662418,70.2,One year
0679-TDGAK,0.101530336,75.5,One year
6585-WCEWR,0.02131185,20.35,Two year
9067-YGSCA,0.028017296,26.05,One year
9067-SQTNS,0.03070608,20.6,One year
8433-WXGNA,0.6174323,75.7,Month-to-month
1776-SPBWV,0.034632985,20.1,One year
8735-SDUFN,0.014211332,24.3,Two year
9668-PUGNU,0.033649918,24.5,Two year
9405-GPBBG,0.08404406,110.5,Two year
1926-QUZNN,0.011638554,25.25,Two year
3707-GNWHM,0.77831274,74.25,Month-to-month
7016-NVRIC,0.13145353,90.1,One year
5829-NVSQN,0.08184974,68.75,One year
9565-AXSMR,0.014273311,19.2,Two year
8922-LIEGH,0.55368656,89.7,Month-to-month
8869-LIHMK,0.05673256,115.1,Two year
8245-UMPYT,0.6604869,96.4,Month-to-month
5186-SAMNZ,0.7244086,69.5,Month-to-month
0447-RXSGD,0.53222984,99.65,Month-to-month
4927-WWOOZ,0.8017971,91.45,Month-to-month
5788-YPOEG,0.022568332,84.75,Two year
5373-SFODM,0.43174428,85.25,Month-to-month
0661-KBKPA,0.08648117,78.75,One year
9081-WWXKP,0.010201439,20.25,Two year
0784-ZQJZX,0.008580012,19.9,Two year
3133-PZNSR,0.033591054,97.75,Two year
5766-ZJYBB,0.27998787,19.4,Month-to-month
8931-GJJIQ,0.7404935,83.3,Month-to-month
4277-PVRAN,0.56479996,80.1,Month-to-month
0022-TCJCI,0.08866354,62.7,One year
0722-SVSFK,0.7168301,100.4,Month-to-month
3612-YVGSJ,0.014075308,24.45,Two year
9825-YCXWZ,0.17704673,101.1,One year
5397-NSKQG,0.029346604,50.9,Two year
8565-HBFNN,0.1330824,107.2,One year
2000-DHJUY,0.03512274,92.2,Two year
0203-HHYIJ,0.028940864,25.3,One year
8670-ERCJH,0.058151856,113.4,Two year
7758-UJWYS,0.06437252,40.55,Two year
2050-ONYDQ,0.011647153,26.0,Two year
7055-JCGNI,0.077799246,111.95,Two year
0739-UUAJR,0.025677219,53.8,Two year
4826-DXMUP,0.09375849,72.1,One year
0952-KMEEH,0.561727,98.15,Month-to-month
7285-KLOTR,0.2332798,78.85,One year
0654-PQKDW,0.034800977,70.75,One year
7175-NTIXE,0.17507786,76.15,Month-to-month
7963-SHNDT,0.021275895,39.1,Two year
9796-BPKIW,0.50299174,69.95,Month-to-month
0188-GWFLE,0.3251135,20.05,Month-to-month
8129-GMVGI,0.012172332,20.05,Two year
2882-DDZPG,0.1043528,19.45,Month-to-month
3547-LQRIK,0.038298417,26.9,One year
9137-NOQKA,0.35525268,19.2,Month-to-month
5843-TTHGI,0.20765486,50.0,Month-to-month
1849-RJYIG,0.28949484,60.0,Month-to-month
8868-GAGIO,0.22243926,84.55,Month-to-month
4061-UKJWL,0.3430197,45.45,Month-to-month
5380-XPJNZ,0.025965193,20.05,One year
8263-QMNTJ,0.08191733,115.55,Two year
8178-EYZUO,0.24806692,93.7,Month-to-month
3230-JCNZS,0.04599859,99.0,Two year
0277-ORXQS,0.027077554,50.55,Two year
5130-IEKQT,0.40284017,105.95,Month-to-month
3230-WYKIR,0.11577349,82.0,One year
7996-BPXHY,0.020424679,25.0,Two year
3227-WLKLI,0.014742674,91.55,Two year
0407-BDJKB,0.43496045,95.75,Month-to-month
2266-FUBDZ,0.018367223,19.35,Two year
8237-ULIXL,0.011566378,24.85,Two year
9600-UDOPK,0.47576535,94.05,Month-to-month
8216-AZUUZ,0.1436664,100.4,Two year
9153-BTBVV,0.011059319,25.0,Two year
4074-SJFFA,0.5572875,54.75,Month-to-month
3269-ATYWD,0.45330352,95.65,Month-to-month
5186-PEIZU,0.07298472,19.25,Month-to-month
1074-AMIOH,0.28692582,108.25,Month-to-month
4910-GMJOT,0.8850581,94.6,Month-to-month
0354-WYROK,0.51824653,98.9,Month-to-month
4361-FEBGN,0.012163494,20.15,Two year
7748-UMTRK,0.58160514,101.3,Month-to-month
0380-ZCSBI,0.11196007,20.0,Month-to-month
7145-FEJWU,0.7180628,105.3,Month-to-month
6463-MVYRY,0.025606675,69.85,Two year
3969-JQABI,0.117843635,65.25,Month-to-month
9624-EGDEQ,0.012817925,19.8,Two year
1051-EQPZR,0.074087396,19.6,Month-to-month
5849-ASHZJ,0.025398817,20.05,One year
5780-INQIK,0.23718427,49.4,Month-to-month
7576-OYWBN,0.73926926,76.05,Month-to-month
4526-ZJJTM,0.32395226,88.4,Month-to-month
8384-FZBJK,0.49253216,100.6,Month-to-month
3750-RNQKR,0.09289353,19.45,Month-to-month
0962-CQPWQ,0.009647004,20.3,Two year
3096-YXENJ,0.1017088,107.65,Two year
1265-BCFEO,0.021324692,80.45,Two year
5837-LXSDN,0.083548434,58.85,One year
5945-AZYHT,0.27399227,109.6,One year
8325-QRPZR,0.6074855,75.15,Month-to-month
6384-VMJHP,0.01762392,73.0,Two year
2262-SLNVK,0.76642746,70.1,Month-to-month
7730-CLDSV,0.04895574,98.65,Two year
1135-HIORI,0.22143823,111.45,One year
0164-APGRB,0.05890221,114.9,Two year
6481-ESCNL,0.40735883,100.55,Month-to-month
1790-NESIO,0.018757973,20.4,Two year
1550-EENBN,0.39601034,104.35,Month-to-month
5539-TMZLF,0.8613645,69.75,Month-to-month
4323-SADQS,0.3105083,34.5,Month-to-month
4446-BZKHU,0.4349301,105.55,Month-to-month
5202-IVJNU,0.13119335,30.1,Month-to-month
5976-JCJRH,0.5771983,70.3,Month-to-month
8198-RKSZG,0.2179894,80.45,Month-to-month
0137-OCGAB,0.7673071,80.2,Month-to-month
3351-NQLDI,0.061644167,94.35,One year
9297-EONCV,0.017104754,91.35,Two year
7593-JNWRU,0.2757453,44.6,Month-to-month
4588-YBNIB,0.350315,19.6,Month-to-month
1069-QJOEE,0.033576306,19.9,One year
3336-JORSO,0.44605166,110.45,Month-to-month
7799-DSEWS,0.17204182,68.35,Month-to-month
8766-PAFNE,0.019640101,79.1,Two year
5315-CKEQK,0.1411926,51.0,One year
3130-ICDUP,0.4797191,80.55,Month-to-month
0820-FNRNX,0.19533794,66.7,Month-to-month
0880-FVFWF,0.25284353,86.4,Month-to-month
4611-ANLQC,0.1237995,50.05,One year
4213-HKBJO,0.01674837,25.7,Two year
2792-LSHWX,0.65218306,83.4,Month-to-month
5028-GZLDO,0.51214474,70.7,Month-to-month
0014-BMAQU,0.027073778,84.65,Two year
6861-XWTWQ,0.814066,99.25,Month-to-month
9018-PCIOK,0.035943117,64.75,Two year
4837-QUSFT,0.103293024,100.15,One year
6877-TJMBR,0.7788551,84.8,Month-to-month
9953-ZMKSM,0.011384591,25.25,Two year
0907-HQNTS,0.051954783,113.0,Two year
7665-NKLAV,0.020324577,40.65,Two year
6769-DCQLI,0.16205928,105.0,One year
2433-KMEAS,0.2507749,54.45,Month-to-month
4391-LNRXK,0.3617233,94.95,Month-to-month
8250-ZNGGW,0.24316092,59.9,Month-to-month
2195-ZRVAX,0.33089828,85.3,Month-to-month
3550-SAHFP,0.5120323,83.35,Month-to-month
2011-TRQYE,0.25491282,33.5,Month-to-month
8562-GHPPI,0.29501924,19.8,Month-to-month
5893-PYOLZ,0.023816835,81.8,Two year
4986-MXSFP,0.22911096,20.0,Month-to-month
6131-FOYAS,0.18439512,59.6,Month-to-month
3027-YNWZU,0.011038722,25.0,Two year
5609-IMCGG,0.4260923,84.35,Month-to-month
4873-ILOLJ,0.53768533,90.35,Month-to-month
4727-MCYZG,0.5635274,55.55,Month-to-month
9481-WHGWY,0.018577002,75.35,Two year
2725-KXXWT,0.8332714,90.75,Month-to-month
9565-DJPIB,0.54875726,89.6,Month-to-month
4328-VUFWD,0.09991313,59.3,One year
3301-LSLWQ,0.19128211,66.1,Month-to-month
7473-ZBDSN,0.018903205,18.8,Two year
3166-PNEOF,0.020135611,86.45,Two year
5639-NTUPK,0.17803709,52.1,Month-to-month
8780-YRMTT,0.021265069,47.4,Two year
8348-HFYIV,0.6918516,49.25,Month-to-month
5140-FOMCQ,0.17164548,109.15,One year
6242-SGYTS,0.07086119,94.95,One year
8166-ORCHU,0.22840858,93.55,One year
8414-OOEEL,0.024142496,79.5,Two year
8454-AATJP,0.05029944,115.05,Two year
6849-WLEYG,0.29752496,19.75,Month-to-month
4659-NZRUF,0.46054333,95.15,Month-to-month
4531-AUZNK,0.10406639,95.15,One year
4191-XOVOM,0.403363,105.4,Month-to-month
2150-OEGBV,0.025062505,20.1,One year
8429-XIBUM,0.43271828,101.35,Month-to-month
1855-CFULU,0.18568885,20.05,Month-to-month
4878-BUNFV,0.009728825,20.7,Two year
1872-EBWSC,0.024163175,20.35,One year
2608-BHKFN,0.5296141,70.05,Month-to-month
7026-YMSBE,0.022718769,19.7,One year
7341-LXCAF,0.7349594,74.65,Month-to-month
6997-UVGOX,0.01449686,85.45,Two year
9674-EHPPG,0.017364668,40.4,Two year
9462-MJUAW,0.29459873,50.4,Month-to-month
8128-YVJRG,0.4875007,79.65,Month-to-month
5440-VHLUL,0.23579752,105.2,One year
5781-BKHOP,0.0396408,100.65,Two year
4283-FUTGF,0.58743405,79.85,Month-to-month
5213-TWWJU,0.31271496,91.0,Month-to-month
1569-TTNYJ,0.6899658,78.75,Month-to-month
8628-MFKAX,0.048721302,116.75,Two year
2397-BRLOM,0.5527661,80.45,Month-to-month
7629-WIXZF,0.17590235,59.1,One year
5445-GLVOT,0.2045431,49.8,Month-to-month
3976-HXHCE,0.009177606,19.3,Two year
2466-NEJOJ,0.12005448,19.65,Month-to-month
0254-KCJGT,0.07405133,81.4,One year
5472-CVMDX,0.019626366,38.9,Two year
6461-SZMCV,0.015702656,87.95,Two year
8150-QUDFX,0.19476198,19.85,Month-to-month
9508-ILZDG,0.50928766,96.35,Month-to-month
2346-DJQTB,0.19390471,24.15,Month-to-month
1697-LYYYX,0.019892571,19.1,One year
1942-OQFRW,0.5987192,44.0,Month-to-month
4749-VFKVB,0.5807773,50.1,Month-to-month
9640-ZSLDC,0.0974099,60.6,One year
4231-LZUYM,0.00917624,25.65,Two year
7598-UAASY,0.6646909,76.4,Month-to-month
7938-OUHIO,0.7580396,98.7,Month-to-month
8510-AWCXC,0.7252387,100.8,Month-to-month
6128-AQBMT,0.38036135,53.95,Month-to-month
3594-BDSOA,0.02508777,20.4,One year
0431-APWVY,0.25241995,90.1,One year
5133-VRSAB,0.29358557,29.35,Month-to-month
5996-DAOQL,0.36869204,20.45,Month-to-month
6838-YAUVY,0.06690062,95.1,Two year
0484-JPBRU,0.106062934,25.25,Month-to-month
7883-ROJOC,0.14274426,44.9,Month-to-month
0244-LGNFY,0.04522473,92.65,Two year
7274-CGTOD,0.021271374,43.7,Two year
4295-YURET,0.033472627,72.6,Two year
3426-NIYYL,0.21985486,51.55,Month-to-month
8225-BTJAU,0.6500717,79.25,Month-to-month
4635-EJYPD,0.013053812,18.95,Two year
1866-ZSLJM,0.06031643,20.5,Month-to-month
4636-TVXVG,0.022047821,19.95,One year
4236-UJPWO,0.5482171,24.5,Month-to-month
9392-XBGTD,0.00913247,20.6,Two year
3387-VATUS,0.71374816,94.85,Month-to-month
6402-SSEJG,0.13674699,61.05,One year
1143-NMNQJ,0.8238295,85.7,Month-to-month
1169-SAOCL,0.26101887,106.65,One year
1110-KYLGQ,0.2351709,108.25,Month-to-month
9929-PLVPA,0.0981958,20.4,Month-to-month
3518-PZXZQ,0.60925287,55.3,Month-to-month
2371-JUNGC,0.098794095,20.25,Month-to-month
7693-QPEFS,0.32900956,72.95,Month-to-month
0924-BJCRC,0.31545007,89.45,Month-to-month
5074-FBGHB,0.24354368,104.65,One year
2351-BKRZW,0.026595823,75.2,Two year
4455-BFSPD,0.18727876,101.15,One year
0415-MOSGF,0.44469014,44.4,Month-to-month
1724-BQUHA,0.7318174,89.5,Month-to-month
3948-KXDUF,0.013358096,68.75,Two year
2323-ARSVR,0.08373071,111.05,Two year
0815-MFZGM,0.05373384,99.0,Two year
4826-XTSOH,0.8704638,86.05,Month-to-month
5480-XTFFL,0.011115255,21.0,Two year
8295-FHIVV,0.16875978,19.4,Month-to-month
2495-INZWQ,0.5964432,44.55,Month-to-month
9086-YJYXS,0.12741975,77.2,One year
1179-INLAT,0.117906764,19.45,One year
7909-FIOIY,0.18305762,24.85,Month-to-month
4139-SUGLD,0.11357872,35.4,Month-to-month
6857-VWJDT,0.7717949,95.65,Month-to-month
6351-SCJKT,0.40097976,41.35,Month-to-month
5468-BPMMO,0.08175337,19.6,Month-to-month
5624-BQSSA,0.34565106,20.95,Month-to-month
0197-PNKNK,0.052265972,84.45,One year
2439-QKJUL,0.11452206,20.25,Month-to-month
1194-SPVSP,0.31150094,19.65,Month-to-month
9534-NSXEM,0.03610693,20.65,One year
2408-WITXK,0.52303,34.7,Month-to-month
8929-KSWIH,0.062442534,99.3,Two year
2250-IVBWA,0.17015582,81.05,Month-to-month
1810-MVMAI,0.13394798,67.6,Month-to-month
9506-UXUSK,0.5984736,70.15,Month-to-month
1229-RCALF,0.19128464,115.0,One year
3572-UOLYZ,0.24795133,84.8,Month-to-month
1429-UYJSV,0.043369446,19.7,One year
5577-OTWWW,0.08989858,19.75,Month-to-month
6100-QQHEB,0.6854932,92.55,Month-to-month
6366-XIVKZ,0.17934069,63.15,Month-to-month
3470-OBUET,0.018643599,74.0,Two year
2770-NSVDG,0.19374408,29.1,Month-to-month
9375-MHRRS,0.23960012,50.05,Month-to-month
2634-HCZGT,0.08487115,60.05,One year
7503-QQRVF,0.48974627,74.3,Month-to-month
4860-YZGZM,0.14432123,20.0,Month-to-month
6599-GZWCM,0.18853639,74.65,One year
2691-NZETQ,0.7172088,85.35,Month-to-month
4404-HIBDJ,0.056781996,74.3,One year
5533-NHFRF,0.5310073,44.4,Month-to-month
7037-MTYVW,0.023454214,85.4,Two year
4760-THGOT,0.35041985,94.1,Month-to-month
7295-JOMMD,0.6104272,98.1,Month-to-month
4016-BJKTZ,0.18626256,108.9,Two year
6584-VQMYT,0.04583779,56.2,One year
9838-BFCQT,0.010459498,26.1,Two year
2790-XUYMV,0.05695926,85.45,One year
0581-MDMPW,0.4294768,88.95,Month-to-month
5013-SBUIH,0.12131148,109.65,Two year
1023-BQXZE,0.029724339,74.35,Two year
9163-GHAYE,0.20015286,48.85,Month-to-month
3904-UKFRE,0.6587843,80.1,Month-to-month
5353-WILCI,0.11887828,56.05,Month-to-month
0709-TVGUR,0.66589785,74.55,Month-to-month
0058-EVZWM,0.25783458,89.8,Month-to-month
6023-YEBUP,0.82672316,100.95,Month-to-month
7209-JCUDS,0.6856542,94.9,Month-to-month
7009-PCARS,0.02645327,19.1,One year
0519-DRGTI,0.071102165,20.35,Month-to-month
1017-FBQMM,0.18724184,106.05,One year
3001-CBHLQ,0.51399267,104.9,Month-to-month
1985-MBRYP,0.018815212,19.65,Two year
6158-DWPZT,0.10163788,24.1,One year
9372-TXXPS,0.016293563,59.85,Two year
3259-QMXUN,0.03240229,86.1,Two year
1015-JPFYW,0.043908153,19.45,One year
6645-MXQJT,0.70865947,97.1,Month-to-month
4360-QRAVE,0.20136975,36.65,Month-to-month
8433-WPJTV,0.18871273,103.9,One year
5804-JMYIO,0.009589206,19.75,Two year
3763-GCZHZ,0.3040255,104.05,One year
6484-LATFU,0.009723919,24.55,Two year
7599-NTMDP,0.019615551,48.7,Two year
0772-GYEQQ,0.5646226,88.35,Month-to-month
0536-ACXIP,0.07856666,109.55,Two year
0936-NQLJU,0.01326167,20.65,Two year
4831-EOBFE,0.30074403,94.65,Month-to-month
1575-KRZZE,0.32755733,55.2,Month-to-month
3251-YMVWZ,0.029460423,24.05,One year
4102-OQUPX,0.8334869,74.4,Month-to-month
9170-GYZJC,0.11510772,79.9,Month-to-month
4884-LEVMQ,0.016168665,20.45,Two year
8857-CUPFQ,0.013171218,19.25,Two year
7610-TVOPG,0.16441019,26.35,Month-to-month
3638-DIMPH,0.09674291,43.8,One year
1845-ZLLIG,0.5216127,50.15,Month-to-month
8559-WNQZS,0.053678647,20.45,Two year
3999-QGRJH,0.638967,69.7,Month-to-month
1699-UOTXU,0.0395061,61.4,Two year
2454-RPBRZ,0.7750663,98.1,Month-to-month
0635-WKOLD,0.060458302,70.75,One year
5993-JSUWV,0.012187903,61.15,Two year
4518-FZBSX,0.023291983,20.25,One year
5387-ASZNZ,0.044233594,63.85,One year
6988-CJEYV,0.37683737,98.7,Month-to-month
2002-MZHWP,0.29123053,20.5,Month-to-month
3097-FQTVJ,0.011887529,20.0,Two year
5465-BUBFA,0.015968425,19.3,Two year
7299-GNVPL,0.22581361,84.4,Month-to-month
9743-DQKQW,0.62819695,25.1,Month-to-month
1215-VFYVK,0.34499457,48.25,Month-to-month
9371-BITHB,0.01314577,19.85,Two year
2265-CYWIV,0.78734356,99.6,Month-to-month
9093-FPDLG,0.58819467,94.2,Month-to-month
0541-FITGH,0.35342366,62.15,Month-to-month
6985-HAYWX,0.32113096,79.3,Month-to-month
7508-KBIMB,0.051585373,56.25,One year
6838-HVLXG,0.09783137,20.3,Month-to-month
2277-DJJDL,0.47573692,99.0,Month-to-month
1897-OKVMW,0.014809947,90.6,Two year
5485-ITNPC,0.016023057,85.9,Two year
0233-FTHAV,0.09272391,79.2,One year
4644-PIZRT,0.10264352,70.35,One year
8922-NPKBJ,0.0113924565,19.35,Two year
2740-TVLFN,0.68246406,50.15,Month-to-month
7771-CFQRQ,0.02654368,63.8,Two year
9512-PHSMG,0.1260955,20.55,Month-to-month
6963-EZQEE,0.027892856,88.55,Two year
2452-KDRRH,0.4314672,101.4,Month-to-month
2004-OCQXK,0.8147765,81.95,Month-to-month
5027-QPKTE,0.6241505,69.35,Month-to-month
4146-SVFUD,0.4594792,44.6,Month-to-month
1564-HJUVY,0.33071828,63.75,Month-to-month
3617-XLSGQ,0.071964316,109.25,Two year
7517-LDMPS,0.59487766,84.6,Month-to-month
7244-KXYZN,0.02517732,20.45,One year
5226-NOZFC,0.4904156,85.75,Month-to-month
2672-HUYVI,0.7077219,91.1,Month-to-month
1400-WIVLL,0.20368926,107.95,Two year
7508-MYBOG,0.58681357,86.1,Month-to-month
8148-NLEGT,0.030183652,22.95,Two year
0148-DCDOS,0.45268402,94.7,Month-to-month
8347-GDTMP,0.01267762,19.45,Two year
9992-RRAMN,0.5528723,85.1,Month-to-month
6746-WAUWT,0.033096123,19.7,One year
0310-MVLET,0.39452922,99.15,Month-to-month
0428-IKYCP,0.39986145,87.0,Month-to-month
4550-VBOFE,0.46638542,102.95,Month-to-month
2187-PKZAY,0.5234555,79.95,Month-to-month
4003-OCTMP,0.09717216,64.0,One year
6652-YFFJO,0.31314662,64.9,Month-to-month
7225-IILWY,0.008632144,25.75,Two year
5248-RPYWW,0.02342849,90.15,Two year
7923-IYJWY,0.05235751,116.1,Two year
3170-GWYKC,0.26383296,104.95,Month-to-month
5696-QURRL,0.5552154,45.05,Month-to-month
7409-KIUTL,0.8076951,71.0,Month-to-month
9830-ECLEN,0.05589245,50.0,One year
1732-VHUBQ,0.22397304,70.55,Month-to-month
0495-RVCBF,0.8656165,79.7,Month-to-month
2668-TZSPS,0.31686434,20.45,Month-to-month
7854-EDSSA,0.12222137,59.0,Month-to-month
8869-TORSS,0.051929165,60.35,One year
7446-SFAOA,0.042471126,19.85,One year
9522-ZSINC,0.08167858,19.95,One year
8234-GSZYK,0.017940106,26.45,Two year
6505-OZNPG,0.040203318,63.4,Two year
6164-HAQTX,0.020713821,53.95,Two year
0679-IDSTG,0.81283057,69.25,Month-to-month
7765-LWVVH,0.097285524,95.1,Two year
1658-TJVOA,0.588867,74.1,Month-to-month
0953-LGOVU,0.15230766,35.5,Month-to-month
2115-BFTIW,0.23144078,70.95,Month-to-month
4692-NNQRU,0.14241013,79.2,One year
7742-MYPGI,0.29203176,48.8,Month-to-month
0611-DFXKO,0.4462396,89.0,Month-to-month
7780-OTDSO,0.5786712,99.4,Month-to-month
9619-GSATL,0.06920605,55.45,One year
5622-UEJFI,0.017372847,25.4,Two year
9747-DDZOS,0.73057574,73.5,Month-to-month
0674-DGMAQ,0.5566035,93.5,Month-to-month
6203-HBZPA,0.024615929,63.9,Two year
0484-FFVBJ,0.14112279,64.85,One year
0301-FIDRB,0.01594214,63.8,Two year
4139-JPIAM,0.13848183,44.45,Month-to-month
2181-TIDSV,0.009940045,19.95,Two year
2761-XECQW,0.39285862,43.35,Month-to-month
1936-CZAKF,0.042141587,49.65,Two year
9453-PATOS,0.015390907,85.1,Two year
0564-JJHGS,0.79706115,95.5,Month-to-month
3348-CFRNX,0.27012178,92.35,Month-to-month
4402-FTBXC,0.18506654,89.8,Month-to-month
1428-GTBJJ,0.5432523,74.55,Month-to-month
2931-XIQBR,0.14686723,103.05,One year
0106-UGRDO,0.056854416,116.0,Two year
5542-TBBWB,0.82737917,69.9,Month-to-month
1930-QPBVZ,0.035040848,95.1,Two year
2606-PKWJB,0.043253087,40.25,One year
5322-ZSMZY,0.012242977,25.75,Two year
8059-UDZFY,0.47142363,105.35,Month-to-month
7740-BTPUX,0.19546513,113.6,Two year
5220-AGAAX,0.0133321015,24.0,Two year
0208-BPQEJ,0.12775126,19.4,Month-to-month
9435-JMLSX,0.015240884,86.1,Two year
3352-ALMCK,0.42903665,102.65,Month-to-month
5312-IRCFR,0.18014959,92.85,One year
5294-IMHHT,0.13896154,97.75,One year
8802-UNOJF,0.50617963,83.8,Month-to-month
6313-GIDIT,0.38637587,54.45,Month-to-month
6176-YJWAS,0.05426731,97.95,Two year
5310-NOOVA,0.023444483,19.95,Two year
4526-EXKKN,0.019679183,24.6,Two year
5311-IHLEI,0.18289413,50.95,Month-to-month
3987-KQDDU,0.45125183,75.6,Month-to-month
3404-JNXAX,0.369866,80.75,Month-to-month
5131-PONJI,0.23482037,90.4,Month-to-month
2845-AFFTX,0.52894735,99.8,Month-to-month
3489-VSFRD,0.052571908,60.25,One year
3345-JHUEO,0.24157198,20.2,Month-to-month
5815-HGGHV,0.07402389,64.15,One year
5260-UMPWX,0.07355611,20.25,Month-to-month
2249-YPRNG,0.52307844,105.85,Month-to-month
7410-YTJIK,0.48879328,75.45,Month-to-month
4626-GYCZP,0.7711722,93.85,Month-to-month
5649-RXQTV,0.43365434,99.0,Month-to-month
2674-MIAHT,0.62220836,80.3,Month-to-month
2576-HXMPA,0.27585584,19.55,Month-to-month
7587-AOVVU,0.37330678,100.75,Month-to-month
5590-BYNII,0.59799856,100.75,Month-to-month
6898-MDLZW,0.17249021,53.75,Month-to-month
3237-AJGEH,0.46873996,31.0,Month-to-month
4707-YNOQA,0.035293397,25.6,One year
9357-UJRUN,0.08906413,58.35,One year
1591-NFNLQ,0.21549553,80.0,Month-to-month
8648-PFRMP,0.4449731,46.35,Month-to-month
7663-CUXZB,0.14609505,113.75,Two year
0258-NOKBL,0.60623705,90.4,Month-to-month
1163-VIPRI,0.11325999,109.3,Two year
2815-CPTUL,0.6306938,70.25,Month-to-month
9348-ROUAI,0.021387104,90.3,Two year
9443-JUBUO,0.02024322,65.25,Two year
0596-BQCEQ,0.36939925,100.15,Month-to-month
1481-ZUWZA,0.3650721,94.5,Month-to-month
3043-TYBNO,0.3890095,60.65,Month-to-month
4830-FAXFM,0.08991618,24.1,Month-to-month
5906-BFOZT,0.38972083,19.5,Month-to-month
2960-NKRSO,0.3682629,85.95,Month-to-month
8996-ZROXE,0.099660255,53.5,One year
5598-IKHQQ,0.011592799,25.45,Two year
0397-ZXWQF,0.009525198,20.5,Two year
5266-PFRQK,0.03715615,20.85,One year
4674-HGNUA,0.016712036,89.9,Two year
6765-MBQNU,0.029713491,26.0,One year
9786-IJYDL,0.10757269,113.2,Two year
1303-SRDOK,0.03803306,69.05,Two year
3769-MHZNV,0.009997568,20.1,Two year
6295-OSINB,0.08246924,109.65,Two year
3308-MHOOC,0.36694747,19.2,Month-to-month
2309-OSFEU,0.36336753,33.9,Month-to-month
2207-QPJED,0.3573517,90.0,Month-to-month
4177-JPDFU,0.18684156,34.0,Month-to-month
2239-CFOUJ,0.1492004,20.4,One year
8046-DNVTL,0.0139112845,38.6,Two year
2209-XADXF,0.5256155,25.25,Month-to-month
6620-JDYNW,0.2080192,60.6,Month-to-month
1891-FZYSA,0.33394006,89.95,Month-to-month
4770-UEZOX,0.70939964,74.75,Month-to-month
1038-RQOST,0.051314298,20.6,Month-to-month
7613-LLQFO,0.6853458,84.45,Month-to-month
4568-TTZRT,0.099948525,20.4,Month-to-month
9513-DXHDA,0.084951974,81.7,One year
2640-PMGFL,0.4057556,79.5,Month-to-month
3801-HMYNL,0.7337412,89.15,Month-to-month
0516-QREYC,0.13045171,20.3,Month-to-month
9685-WKZGT,0.63561106,74.95,Month-to-month
6022-UGGSO,0.45383406,74.4,Month-to-month
8084-OIVBS,0.048591476,20.0,One year
8896-BQTTI,0.30147743,25.0,Month-to-month
3865-QBWSJ,0.31697106,80.45,Month-to-month
3352-RICWQ,0.019857243,19.75,Two year
2160-GPFXD,0.015720235,65.65,Two year
2065-MMKGR,0.16167137,71.0,One year
5857-TYBCJ,0.47909546,89.2,Month-to-month
1498-NHTLT,0.032820012,86.75,Two year
4484-CGXFK,0.48225018,55.3,Month-to-month
1402-PTHGN,0.06665815,61.5,One year
4176-RELJR,0.015865577,25.1,Two year
6214-EDAKZ,0.11259872,55.15,Month-to-month
5199-FPUSP,0.0471954,34.05,One year
6377-KSLXC,0.12145768,19.95,Month-to-month
1796-JANOW,0.2667948,19.95,Month-to-month
0238-WHBIQ,0.018951764,89.7,Two year
8735-NBLWT,0.09749477,20.4,Month-to-month
6651-RLGGM,0.010114907,26.3,Two year
6127-ISGTU,0.6267637,84.95,Month-to-month
1614-JBEBI,0.14281993,20.7,Month-to-month
8740-XLHDR,0.18374789,43.25,Month-to-month
1208-DNHLN,0.10989552,48.35,One year
1761-AEZZR,0.86455363,79.55,Month-to-month
3923-CSIHK,0.34175974,71.05,Month-to-month
5696-EXCYS,0.011932033,19.45,Two year
5795-KTGUD,0.07316477,110.8,Two year
7120-RFMVS,0.7751963,84.5,Month-to-month
7924-GJZFI,0.44952762,69.3,Month-to-month
4702-HDRKD,0.042847328,49.35,One year
8512-WIWYV,0.024494711,20.35,One year
5897-ZYEKH,0.19381385,105.6,One year
5456-ITGIC,0.02026744,64.45,Two year
7317-GGVPB,0.08326544,108.6,Two year
1406-PUQVY,0.6017096,49.9,Month-to-month
1322-AGOQM,0.11425532,30.3,Month-to-month
3677-IYRBF,0.70286393,30.4,Month-to-month
5692-FPTAH,0.519723,45.4,Month-to-month
9114-AAFQH,0.15374567,65.65,One year
8715-KKTFG,0.19820176,103.3,One year
1550-LOAHA,0.29983887,84.15,Month-to-month
1728-BQDMA,0.57629436,44.45,Month-to-month
0268-QKIWO,0.20380081,19.75,Month-to-month
0876-WDUUZ,0.48755166,85.4,Month-to-month
5117-ZSMHQ,0.017265942,89.9,Two year
5151-HQRDG,0.15553679,55.05,Month-to-month
0960-HUWBM,0.07878954,104.1,Two year
6465-GSRCL,0.16255026,106.6,One year
0617-FHSGK,0.21354944,75.2,Month-to-month
0263-FJTQO,0.021454033,70.5,Two year
7319-ZNRTR,0.041856702,19.6,One year
2858-MOFSQ,0.09266483,55.85,One year
7503-EPSZW,0.010554173,24.05,Two year
7089-XXAYG,0.14354749,38.1,One year
8118-LSUEL,0.63565516,106.4,Month-to-month
8070-AAWZP,0.19781981,34.25,Month-to-month
1666-JXLKU,0.53299105,100.05,Month-to-month
7855-DIWPO,0.47303244,68.65,Month-to-month
5133-POWUA,0.5672403,45.8,Month-to-month
5652-MSDEY,0.5792473,75.75,Month-to-month
7005-CCBKV,0.6609393,84.4,Month-to-month
1810-BOHSY,0.14077328,96.4,One year
1784-BXEFA,0.13384715,20.55,Month-to-month
7351-MHQVU,0.18943661,50.95,Month-to-month
9224-VTYID,0.018813755,90.5,Two year
9500-IWPXQ,0.07520195,79.4,One year
5762-TJXGK,0.03266073,58.75,Two year
4504-YOULA,0.14220499,59.45,Month-to-month
5569-IDSEY,0.21654868,105.7,One year
4250-FDVOU,0.19486788,56.25,Month-to-month
7284-ZZLOH,0.018604642,53.3,Two year
5277-ZLOOR,0.8131974,85.55,Month-to-month
2141-RRYGO,0.31618485,68.65,Month-to-month
1777-JYQPJ,0.45654008,24.3,Month-to-month
6376-GAHQE,0.6109869,77.85,Month-to-month
3401-URHDA,0.0527444,59.9,One year
1599-EAHXY,0.02494742,23.95,One year
8631-XVRZL,0.063592814,20.15,One year
5052-PNLOS,0.7538536,105.35,Month-to-month
3853-LYGAM,0.42528003,95.65,Month-to-month
6979-ZNSFF,0.6837166,87.05,Month-to-month
5751-USDBL,0.02259458,81.0,Two year
5680-LQOGP,0.017662872,82.45,Two year
2386-LAHRK,0.5931265,53.5,Month-to-month
8189-DUKMV,0.08146878,20.5,One year
6032-IGALN,0.5391424,25.1,Month-to-month
9931-DCEZH,0.0560413,54.4,One year
1898-JSNDC,0.097542726,58.6,One year
0315-LVCRK,0.57959235,84.8,Month-to-month
3911-RSNHI,0.019949432,61.4,Two year
2410-CIYFZ,0.15098883,20.4,Month-to-month
4248-HCETZ,0.32502216,79.65,Month-to-month
5505-OVWQW,0.03484923,20.15,One year
7271-AJDTL,0.33275297,94.45,Month-to-month
1867-TJHTS,0.20592442,79.8,Month-to-month
0516-WJVXC,0.21359281,54.2,Month-to-month
9174-FKWZE,0.663525,19.45,Month-to-month
6860-YRJZP,0.6400292,74.05,Month-to-month
4429-WYGFR,0.12812471,49.15,Month-to-month
2817-LVCPP,0.01169716,19.4,Two year
5038-ETMLM,0.05068479,113.65,Two year
5056-FIMPT,0.2056043,106.0,One year
4521-WFJAI,0.019242978,25.95,Two year
6569-KTMDU,0.2656574,19.1,Month-to-month
8809-RIHDD,0.15505092,103.4,Two year
8809-XKHMD,0.036544852,100.55,Two year
0396-YCHWO,0.5350392,95.4,Month-to-month
0867-LDTTC,0.25425002,75.15,Month-to-month
4822-NGOCH,0.66166455,84.45,Month-to-month
9391-DXGGG,0.14037019,89.15,One year
9844-FELAJ,0.17662387,107.9,One year
2122-SZZZD,0.029583152,19.5,One year
5307-DZCVC,0.4623825,85.95,Month-to-month
3148-AOIQT,0.011639432,24.95,Two year
8679-JOEVF,0.22429486,59.4,Month-to-month
8395-ETZKQ,0.025285555,19.5,One year
6692-YQHXC,0.4336758,69.95,Month-to-month
3889-VWBID,0.017286627,82.85,Two year
5222-JCXZT,0.18302491,19.0,Month-to-month
9754-CLVZW,0.111180924,38.85,Month-to-month
1432-FPAXX,0.27238813,30.6,Month-to-month
2739-CCZMB,0.09321909,20.35,Month-to-month
7080-TNUWP,0.12943572,95.0,One year
0496-AHOOK,0.0925076,74.4,One year
8336-TAVKX,0.019974405,78.45,Two year
2468-SJFLM,0.60917115,74.3,Month-to-month
3181-VTHOE,0.06609874,51.05,One year
7168-HDQHG,0.062396087,19.2,Month-to-month
4803-AXVYP,0.46689993,99.55,Month-to-month
3884-HCSWG,0.5466953,70.0,Month-to-month
4567-AKPIA,0.22633302,109.1,One year
5077-DXTCG,0.649026,45.3,Month-to-month
1142-WACZW,0.34102476,29.85,Month-to-month
7901-HXJVA,0.49822804,76.45,Month-to-month
5649-ANRML,0.5907245,95.1,Month-to-month
4892-VLANZ,0.3056811,19.8,Month-to-month
5924-IFQTT,0.29725975,72.8,Month-to-month
7968-QUXNS,0.10555073,18.95,Month-to-month
2919-HBCJO,0.50385463,76.65,Month-to-month
4236-XPXAV,0.61770666,99.15,Month-to-month
8903-WMRNW,0.5499504,101.75,Month-to-month
2452-SNHFZ,0.20258826,75.45,Month-to-month
3629-WEAAM,0.18481538,64.1,Month-to-month
6029-CSMJE,0.2186778,25.65,Month-to-month
7993-NQLJE,0.33209917,75.1,Month-to-month
9909-DFRJA,0.19540183,95.85,One year
9099-FTUHS,0.16296111,54.4,Month-to-month
0581-BXBUB,0.5635633,72.75,Month-to-month
4962-CHQPW,0.028806806,19.85,One year
9467-ROOLM,0.053754266,19.05,Month-to-month
3030-YZADT,0.14316735,44.95,Month-to-month
7410-KTVFV,0.20765486,49.55,Month-to-month
5150-ITWWB,0.8271541,94.85,Month-to-month
2253-KPMNB,0.020438084,46.25,Two year
1345-ZUKID,0.038402855,19.35,One year
6429-SHBCB,0.20679909,69.6,Month-to-month
9281-OFDMF,0.3894442,90.7,Month-to-month
2603-HVKCG,0.54827183,101.4,Month-to-month
1834-WULEG,0.024339106,20.25,One year
9097-ZUBYC,0.14328066,48.8,Month-to-month
5148-ORICT,0.014786387,74.35,Two year
4893-GYUJU,0.041376453,19.35,One year
4578-PHJYZ,0.07267203,68.75,One year
7272-QDCKA,0.33036155,100.2,One year
8908-SLFCJ,0.017130492,20.85,Two year
8393-DLHGA,0.5263068,95.9,Month-to-month
9766-HGEDE,0.042828344,19.35,One year
6968-MHOMU,0.21112275,45.0,One year
7395-IGJOS,0.40250614,81.5,Month-to-month
5044-XDPYX,0.0131491665,25.5,Two year
1814-WFGVS,0.019165164,48.9,Two year
2834-SPCJV,0.2204741,84.1,Month-to-month
3721-WKIIL,0.017209422,19.6,Two year
6734-CKRSM,0.14788783,20.0,Month-to-month
1265-ZFOSD,0.0139170615,81.3,Two year
6568-POCUI,0.08140801,95.2,Two year
7890-VYYWG,0.6485738,36.45,Month-to-month
5197-LQXXH,0.02560985,83.3,Two year
9907-SWKKF,0.6258208,25.05,Month-to-month
3457-PQBYH,0.009912022,20.3,Two year
7682-AZNDK,0.46951276,89.85,Month-to-month
0587-DMGBH,0.24718936,49.85,Month-to-month
5384-ZTTWP,0.10500382,19.8,Month-to-month
3745-HRPHI,0.025146382,54.65,Two year
7636-OWBPG,0.26296142,29.35,Month-to-month
1231-YNDEK,0.019238865,19.15,Two year
1407-DIGZV,0.026872218,19.1,Two year
6397-JNZZG,0.21012259,55.55,Month-to-month
0570-BFQHT,0.52762717,80.55,Month-to-month
4393-OBCRR,0.07881138,20.25,One year
3523-QRQLL,0.14276627,69.5,One year
8564-LDKFL,0.29547602,106.0,One year
3696-DFHHB,0.011059319,25.5,Two year
0895-DQHEW,0.4969796,104.3,Month-to-month
4717-GHADL,0.027897323,79.6,Two year
5501-TVMGM,0.684953,55.25,Month-to-month
5879-HMFFH,0.017445296,88.05,Two year
6772-WFQRD,0.03735942,20.4,One year
3810-DVDQQ,0.051377293,117.6,Two year
6972-SNKKW,0.121733375,20.0,Month-to-month
3694-GLTJM,0.20667133,19.65,Month-to-month
8550-XSXUQ,0.10920624,70.55,One year
8149-RSOUN,0.8896306,93.85,Month-to-month
9055-MOJJJ,0.037688356,65.8,One year
4359-INNWN,0.035840772,20.05,One year
0585-EGDDA,0.4484251,80.0,Month-to-month
4032-RMHCI,0.039297376,35.4,One year
0549-CYCQN,0.13481936,79.6,One year
3481-JHUZH,0.3981927,80.25,Month-to-month
7250-EQKIY,0.48124972,50.45,Month-to-month
3594-IVHJZ,0.21226808,20.45,Month-to-month
6869-FGJJC,0.049326252,79.6,One year
3896-ZVNET,0.012407286,24.7,Two year
8205-VSLRB,0.020555643,77.3,Two year
5960-MVTUK,0.55065876,29.75,Month-to-month
6817-WTYHE,0.36525452,44.9,Month-to-month
3082-VQXNH,0.3980463,29.8,Month-to-month
4013-UBXWQ,0.41144022,74.65,Month-to-month
4931-TRZWN,0.24164997,71.95,Month-to-month
0750-EKNGL,0.104083374,20.75,Month-to-month
7669-LCRSD,0.2637353,56.3,Month-to-month
3567-PQTSO,0.34411308,105.25,One year
5519-NPHVG,0.7530162,94.2,Month-to-month
8043-PNYSD,0.008485897,19.55,Two year
9938-EKRGF,0.18097347,84.45,Month-to-month
2703-AMTUL,0.04369697,53.65,One year
0928-JMXNP,0.6787091,29.9,Month-to-month
8173-RXAYP,0.009589243,19.7,Two year
4825-XJGDM,0.05928165,43.7,One year
5402-HTOTQ,0.22056988,55.3,Month-to-month
6734-JDTTV,0.010338544,19.85,Two year
7850-THJMU,0.013872511,19.65,Two year
3890-RTCMS,0.17590949,49.45,Month-to-month
8849-GYOKR,0.1868682,106.55,One year
3148-BLQJT,0.34297436,20.1,Month-to-month
3717-FDJFU,0.021274226,20.45,Two year
3665-JATSN,0.40393046,39.7,Month-to-month
7966-YOTQW,0.19949672,54.5,Month-to-month
0461-CVKMU,0.24303727,83.8,Month-to-month
8806-EAGWC,0.35540986,55.15,Month-to-month
8853-TZDGH,0.06560678,111.6,Two year
7779-LGOVN,0.7182901,86.65,Month-to-month
4324-BZCKL,0.23478314,55.55,Month-to-month
6924-TDGMT,0.058787066,20.55,One year
9710-ZUSHQ,0.41904396,106.75,Month-to-month
1536-YHDOE,0.08627157,62.1,One year
8123-QBNAZ,0.37675762,104.5,Month-to-month
3629-ZNKXA,0.5997465,101.8,Month-to-month
4827-LTQRJ,0.13818946,110.6,One year
7711-YIJWC,0.05187312,84.9,One year
5482-VXSXJ,0.43087974,93.2,Month-to-month
7365-BVCJH,0.69829166,24.4,Month-to-month
9620-ENEJV,0.4340235,70.55,Month-to-month
4183-WCSEP,0.3420697,78.45,Month-to-month
2378-YIZKA,0.015798643,85.0,Two year
5498-TXHLF,0.38073495,87.45,Month-to-month
0689-DSXGL,0.20552145,85.8,Month-to-month
6818-DJXAA,0.57272893,91.1,Month-to-month
9722-UJOJR,0.425941,70.75,Month-to-month
0464-WJTKO,0.008295716,20.1,Two year
8902-ZEOVF,0.02932954,20.05,One year
6778-EICRF,0.0968127,74.8,One year
2662-NNTDK,0.025584524,24.8,One year
4132-KALRO,0.7454482,100.85,Month-to-month
3902-FOIGH,0.7044369,101.35,Month-to-month
6772-KSATR,0.74726856,81.7,Month-to-month
7112-OPOTK,0.27125174,68.25,Month-to-month
2874-YXVVA,0.470829,105.1,Month-to-month
1245-HARPS,0.017591504,20.4,Two year
4210-QFJMF,0.69972837,79.15,Month-to-month
4323-ELYYB,0.038013507,20.0,One year
4293-ETKAP,0.027644707,79.4,Two year
6064-PUPMC,0.05071716,57.2,One year
6504-VBLFL,0.03227692,58.6,Two year
6322-PJJDJ,0.16208822,94.8,Two year
0330-BGYZE,0.23673446,102.5,One year
1085-LDWAM,0.02305906,20.35,One year
7586-ZATGZ,0.43261504,84.9,Month-to-month
7197-VOJMM,0.014266819,69.2,Two year
3318-OSATS,0.5090864,95.45,Month-to-month
5828-AVIPD,0.41303635,100.95,One year
1843-TLSGD,0.014692432,20.85,Two year
9626-VFRGG,0.30478296,88.5,Month-to-month
7075-BNDVQ,0.26254407,35.0,Month-to-month
9143-CANJF,0.123875044,55.15,Month-to-month
7284-BUYEC,0.4410643,50.95,Month-to-month
2041-JIJCI,0.36653128,64.0,Month-to-month
1086-LXKFY,0.7196882,69.1,Month-to-month
4900-MSOMT,0.016484603,80.2,Two year
2229-VWQJH,0.19324784,49.3,Month-to-month
9194-GFVOI,0.0281874,84.35,Two year
1336-EZFZY,0.16168897,20.05,Month-to-month
4282-MSACW,0.16515532,117.2,One year
1403-LKLIK,0.027497303,20.1,One year
2636-ALXXZ,0.8227164,69.6,Month-to-month
7774-OJSXI,0.48204163,103.45,One year
7786-WBJYI,0.51514214,77.95,Month-to-month
0136-IFMYD,0.12310587,109.95,Two year
5144-TVGLP,0.4101221,94.75,Month-to-month
9643-AVVWI,0.621574,80.0,Month-to-month
0253-ZTEOB,0.053173333,79.65,Two year
2706-QZIHY,0.01765622,25.2,Two year
6061-PQHMK,0.028241094,19.9,One year
9885-CSMWE,0.8119438,78.45,Month-to-month
6137-MFAJN,0.2543367,44.8,Month-to-month
9122-UMROB,0.29126096,20.3,Month-to-month
4232-JGKIY,0.2977217,19.2,Month-to-month
2402-TAIRZ,0.14743592,80.05,One year
9659-ZTWSM,0.20503058,107.35,One year
9139-TWBAS,0.08630033,47.85,One year
6685-GBWJZ,0.035479747,70.8,One year
5016-ETTFF,0.27894813,29.5,Month-to-month
3866-MDTUB,0.50839204,70.75,Month-to-month
2195-VVRJF,0.22891264,59.1,Month-to-month
3913-RDSJZ,0.008606462,25.55,Two year
8058-JMEQO,0.7089379,84.45,Month-to-month
4203-QGNZA,0.06352638,20.25,Month-to-month
5043-TRZWM,0.80318403,75.55,Month-to-month
0697-ZMSWS,0.7774983,85.65,Month-to-month
7657-DYEPJ,0.075159185,70.15,One year
9494-BDNNC,0.20740832,95.3,One year
1640-PLFMP,0.807107,70.25,Month-to-month
5366-OBVMR,0.18733652,50.3,Month-to-month
8276-MQBYC,0.46412838,97.8,Month-to-month
7644-OMVMY,0.055624276,19.85,Two year
7593-XFKDI,0.46640554,46.3,Month-to-month
4573-JKNAE,0.019886944,19.35,Two year
0337-CNPZE,0.51348835,106.3,Month-to-month
9817-APLHW,0.11401149,25.0,Month-to-month
8380-MQINP,0.012151187,20.3,Two year
0840-DFEZH,0.6718838,75.35,Month-to-month
1513-XNPPH,0.55814767,89.4,Month-to-month
8690-ZVLCL,0.015898759,88.0,Two year
6015-VVHHE,0.6468909,83.15,Month-to-month
1125-SNVCK,0.1538847,43.8,Month-to-month
0384-LPITE,0.09949843,62.05,One year
4616-EWBNJ,0.037850432,20.1,One year
6347-DCUIK,0.5110599,74.15,Month-to-month
1335-HQMKX,0.3086588,101.35,One year
2545-EBUPK,0.8227414,84.05,Month-to-month
6923-AQONU,0.00983266,20.9,Two year
2172-EJXVF,0.32370752,105.9,One year
0897-FEGMU,0.7881121,99.5,Month-to-month
7663-RGWBC,0.55413944,44.15,Month-to-month
1120-BMWUB,0.17249021,53.9,Month-to-month
9124-LHCJQ,0.76839525,85.45,Month-to-month
4536-PLEQY,0.55973905,85.05,Month-to-month
7029-IJEJK,0.07525126,44.1,One year
8871-JLMHM,0.020180065,90.2,Two year
2235-ZGKPT,0.31912202,50.85,Month-to-month
3891-PUQOD,0.6024464,59.2,Month-to-month
5447-VYTKW,0.08925166,53.45,Month-to-month
3623-FQBOX,0.088878065,19.95,Month-to-month
0689-NKYLF,0.65361905,83.2,Month-to-month
8659-HDIYE,0.11935471,74.65,Month-to-month
3658-KIBGF,0.55819225,54.9,Month-to-month
3474-BAFSJ,0.03348633,57.5,Two year
5519-YLDGW,0.56773573,103.9,Month-to-month
3865-ZFZIB,0.015747868,19.65,Two year
1855-AGAWH,0.36375853,93.8,One year
7109-CQYUZ,0.025394296,89.25,Two year
1370-GGAWX,0.24125932,94.15,One year
4680-KUTAJ,0.2847324,55.6,Month-to-month
5307-UVGNB,0.17296113,48.7,Month-to-month
4946-EDSEW,0.1149746,19.25,Month-to-month
2883-ILGWO,0.36625725,104.9,Month-to-month
2516-VQRRV,0.67977035,75.45,Month-to-month
7580-UGXNC,0.34110466,54.85,Month-to-month
3642-BYHDO,0.008124854,19.9,Two year
9629-NHXFW,0.41762227,19.4,Month-to-month
2696-RZVZW,0.008732022,25.05,Two year
5766-FTRTS,0.017393911,84.45,Two year
0396-HUJBP,0.17685254,19.3,Month-to-month
5178-LMXOP,0.90074205,95.1,Month-to-month
8879-ZKJOF,0.070975274,79.85,One year
6285-FTQBF,0.009575186,25.55,Two year
8185-UPYBR,0.6682877,75.5,Month-to-month
4585-HETAI,0.6470826,73.75,Month-to-month
7526-BEZQB,0.76898456,96.05,Month-to-month
1474-JUWSM,0.0916631,68.4,One year
3530-CRZSB,0.1259725,20.65,Month-to-month
8498-XXGWA,0.080593035,55.15,Month-to-month
9617-INGJY,0.7284906,70.6,Month-to-month
0621-TSSMU,0.027821746,19.95,One year
7234-KMNRQ,0.1734627,19.0,Month-to-month
7636-PEPNS,0.08342239,44.1,One year
4683-WYDOU,0.14868058,107.6,Two year
9052-DHNKM,0.05745744,61.55,One year
6794-HKIAJ,0.12733664,90.7,Month-to-month
5578-NKCXI,0.13180557,99.25,One year
1642-HMARX,0.04443788,91.7,Two year
3096-WPXBT,0.13480835,100.7,One year
8434-PNQZX,0.031259667,78.45,Two year
5950-AAAGJ,0.37934566,84.3,Month-to-month
4299-OPXEJ,0.017577287,19.55,Two year
4951-UKAAQ,0.75966895,88.95,Month-to-month
9618-LFJRU,0.11954066,20.45,Month-to-month
6693-DJWTY,0.04376766,55.6,One year
0744-GKNGE,0.13167028,86.8,Month-to-month
6447-EGDIV,0.02303478,20.95,One year
1167-OYZJF,0.014151017,20.05,Two year
2108-YKQTY,0.32043535,50.7,Month-to-month
4806-DXQCE,0.07503268,113.65,Two year
4918-QLLIW,0.32915458,53.4,Month-to-month
7056-IMHCC,0.47058606,101.9,Month-to-month
4854-SSLTN,0.038500633,59.5,Two year
5294-DMSFH,0.42773733,87.8,Month-to-month
4837-PZTIC,0.020576011,41.9,Two year
1625-JAIIY,0.100271136,83.0,One year
0603-OLQDC,0.23966673,69.85,Month-to-month
3272-VUHPV,0.149366,56.3,Month-to-month
4176-FXYBO,0.39496365,109.55,Month-to-month
1063-DHQJF,0.05565641,92.15,Two year
8663-UPDGF,0.14431576,69.5,Month-to-month
6719-FGEDO,0.035765924,97.0,Two year
1837-YQUCE,0.021605523,58.35,Two year
2947-DOMLJ,0.37111852,50.6,Month-to-month
4112-LUEIZ,0.6761383,89.5,Month-to-month
0369-ZGOVK,0.108301096,70.4,One year
4510-HIMLV,0.7992986,69.8,Month-to-month
9919-KNPOO,0.59491515,94.3,Month-to-month
8749-JMNKX,0.35757807,93.8,Month-to-month
7872-BAAZR,0.026372224,19.55,One year
9391-LMANN,0.11896687,95.95,One year
2430-USGXP,0.62992597,101.05,Month-to-month
8174-TBVCF,0.04179155,94.8,Two year
1698-XFZCI,0.27776065,107.75,One year
1877-HKBQX,0.086806916,54.6,One year
4450-DLLMH,0.5753677,71.3,Month-to-month
0428-AXXLJ,0.041505665,19.5,One year
2746-DIJLO,0.08339919,56.3,One year
5955-ERIHD,0.59686434,94.7,Month-to-month
0917-EZOLA,0.11317933,104.15,Two year
3508-VLHCZ,0.0173878,90.55,Two year
4086-ATNFV,0.05784915,60.8,One year
0468-YRPXN,0.37889645,98.8,Month-to-month
5996-NRVXR,0.14236632,98.15,One year
3739-YBWAB,0.068166204,35.35,One year
7047-FWEYA,0.29326,103.15,One year
2000-MPKCA,0.3068268,107.75,One year
9762-YAQAA,0.10862377,81.4,One year
5949-EBSQK,0.25964865,61.45,Month-to-month
5473-KHBPS,0.123073414,95.7,One year
0100-DUVFC,0.36532807,104.8,One year
5397-TUPSH,0.07204233,70.95,One year
8950-MTZNV,0.57138914,44.95,Month-to-month
0326-VDYXE,0.3069347,97.65,One year
6773-LQTVT,0.23829894,35.65,Month-to-month
7274-RTAPZ,0.8508931,90.55,Month-to-month
0436-TWFFZ,0.01775224,85.25,Two year
8566-YPRGL,0.43370718,19.5,Month-to-month
0311-UNPFF,0.3905002,88.8,Month-to-month
6609-MXJHJ,0.016130427,25.1,Two year
2669-OIDSD,0.3268618,100.05,Month-to-month
8400-WZICQ,0.14916492,55.7,Month-to-month
3834-XUIFC,0.6186834,85.2,Month-to-month
9576-SYUHJ,0.39414123,91.15,Month-to-month
0410-IPFTY,0.40087813,83.85,Month-to-month
2831-EBWRN,0.46216097,45.9,Month-to-month
9430-NKQLY,0.010834105,25.1,Two year
8414-MYSHR,0.72167397,91.4,Month-to-month
0247-SLUJI,0.29826787,19.7,Month-to-month
9402-ORRAH,0.58695924,91.5,Month-to-month
6483-OATDN,0.17030455,51.3,Month-to-month
1293-HHSHJ,0.025440162,21.1,One year
4840-ORQXB,0.46457306,104.75,Month-to-month
7599-FKVXZ,0.39601701,106.15,Month-to-month
3982-DQLUS,0.19560373,85.75,Month-to-month
8610-ZIKJJ,0.10042909,20.3,One year
3756-VNWDH,0.21870315,100.75,One year
7801-KICAO,0.529882,74.15,Month-to-month
7673-LPRNY,0.18619014,78.55,One year
8229-TNIQA,0.3653067,45.3,Month-to-month
6060-QBMGV,0.009073081,19.85,Two year
7339-POGZN,0.52123034,50.7,Month-to-month
2828-SLQPF,0.22723015,45.0,Month-to-month
4465-VDKIQ,0.41745424,77.8,Month-to-month
2921-XWDJH,0.42969516,83.45,Month-to-month
6221-AVQYL,0.62288344,73.25,Month-to-month
2558-BUOZZ,0.09618041,94.8,One year
9257-AZMTZ,0.010483129,20.1,Two year
0003-MKNFE,0.24943355,59.9,Month-to-month
0975-UYDTX,0.13698725,90.1,One year
7743-EXURX,0.3052629,51.05,Month-to-month
4682-BLBUC,0.10789902,70.95,One year
0975-VOOVL,0.3941877,29.2,Month-to-month
5968-VXZLG,0.50869983,46.6,Month-to-month
5569-KGJHX,0.63210565,85.35,Month-to-month
4988-IQIGL,0.88446766,75.35,Month-to-month
5201-FRKKS,0.1882853,74.3,Month-to-month
9799-CAYJJ,0.67960954,69.3,Month-to-month
7730-IUTDZ,0.31795952,75.2,Month-to-month
0426-TIRNE,0.2757495,20.9,Month-to-month
5443-SCMKX,0.2239768,94.3,One year
8295-KMENE,0.024493916,76.45,Two year
6738-ISCBM,0.15017653,54.0,One year
9821-BESNZ,0.2634964,104.25,One year
3678-MNGZX,0.008043895,19.95,Two year
1335-NTIUC,0.49527216,24.95,Month-to-month
2916-BQZLN,0.4988066,84.75,Month-to-month
4558-CGYCZ,0.19955169,19.75,Month-to-month
2368-GAKKQ,0.05599477,113.65,Two year
8710-YGLWG,0.54465836,44.9,Month-to-month
3199-XGZCY,0.6718838,75.25,Month-to-month
3785-KTYSH,0.013338841,24.6,Two year
6814-ZPWFQ,0.046618707,25.0,One year
4063-EIKNQ,0.07987382,20.95,Month-to-month
6993-YCOBK,0.16320214,110.6,Two year
5206-HPJKM,0.17422879,55.5,Month-to-month
7587-RZNME,0.51378506,43.3,Month-to-month
0748-RDGGM,0.15104371,109.5,One year
8393-JMVMB,0.28160918,19.45,Month-to-month
5019-GQVCR,0.4971614,84.85,Month-to-month
6036-TTFYU,0.092405155,19.6,Month-to-month
2550-AEVRU,0.058678735,53.45,One year
0969-RGKCU,0.023460416,19.8,One year
0378-CJKPV,0.03509648,112.1,Two year
4706-AXVKM,0.6768439,84.8,Month-to-month
5889-JTMUL,0.44021386,95.05,Month-to-month
9026-RNUJS,0.35111555,50.35,Month-to-month
3746-EUBYR,0.7707766,74.6,Month-to-month
2332-EFBJY,0.09299009,19.7,Month-to-month
2880-FPNAE,0.7574036,74.2,Month-to-month
1703-MGIAB,0.22740708,69.0,Month-to-month
4311-QTTAI,0.041031457,19.35,One year
9474-PHLYD,0.26681584,59.45,Month-to-month
4318-RAJVY,0.06013296,19.8,One year
2165-VOEGB,0.15799557,105.2,One year
3612-YUNGG,0.109120004,109.2,Two year
2254-DLXRI,0.8324285,79.15,Month-to-month
5062-CJJKH,0.04948323,53.65,One year
9028-LIHRP,0.045118354,100.2,Two year
2219-MVUSO,0.20417169,45.15,Month-to-month
1053-MXTTK,0.05869897,108.65,Two year
1530-ZTDOZ,0.16724995,40.65,Month-to-month
1301-LOPVR,0.095783204,55.35,One year
0853-TWRVK,0.05656009,105.6,Two year
8914-RBTSB,0.4293377,93.8,Month-to-month
6212-ATMLK,0.48200774,95.7,Month-to-month
8200-LGKSR,0.032705497,83.2,Two year
1568-BEKZM,0.023320274,90.05,Two year
0670-ANMUU,0.118559554,97.65,One year
6897-RWMUB,0.012166794,68.05,Two year
0963-ZBDRN,0.503326,96.2,Month-to-month
7594-RQHXR,0.8482113,79.6,Month-to-month
6999-CHVCF,0.050604712,102.1,Two year
6134-KWTBV,0.008875264,23.4,Two year
1077-HUUJM,0.6191589,71.05,Month-to-month
6331-EWIEB,0.5587576,85.25,Month-to-month
0895-LNKRC,0.05724282,19.45,One year
2045-BMBTJ,0.2363074,59.45,Month-to-month
8417-GSODA,0.22155838,92.2,One year
5171-EPLKN,0.01323603,19.85,Two year
4452-QIIEB,0.24171634,43.9,Month-to-month
5998-VVEJY,0.41541737,80.5,Month-to-month
1624-NALOJ,0.7436893,89.8,Month-to-month
6741-EGCBI,0.4475888,90.5,Month-to-month
7820-ZYGNY,0.11373693,90.45,One year
4317-VTEOA,0.660814,50.75,Month-to-month
9677-AVKED,0.14286163,84.6,One year
1670-SVOWZ,0.39127767,89.65,Month-to-month
2227-JRSJX,0.46380755,99.15,Month-to-month
9847-HNVGP,0.036559,19.95,One year
6696-YDAYZ,0.014906371,20.5,Two year
8980-WQFWL,0.268072,62.1,Month-to-month
1730-ZMAME,0.54489684,79.5,Month-to-month
6506-EYCNH,0.0874734,19.55,Month-to-month
4634-JLRJT,0.36869204,20.35,Month-to-month
9501-UKKNL,0.22815774,51.7,Month-to-month
2560-QTSBS,0.025044346,23.3,One year
7541-YLXCL,0.082550876,65.4,One year
4795-WRNVT,0.1312398,65.1,Month-to-month
6080-TCMYC,0.37005126,81.2,Month-to-month
0260-ZDLGK,0.22221135,72.9,Month-to-month
7860-UXCRM,0.014639079,74.5,Two year
6357-JJPQT,0.72409654,80.5,Month-to-month
2292-XQWSV,0.095297694,60.3,One year
9552-TGUZV,0.40353855,75.0,Month-to-month
5913-INRQV,0.10616092,90.15,One year
8722-NGNBH,0.18984081,40.0,Month-to-month
6210-KBBPI,0.7358755,99.45,Month-to-month
9643-YBLUR,0.26411262,69.05,Month-to-month
8734-FNWVH,0.15823543,59.7,Month-to-month
9447-YPTBX,0.035912,19.85,One year
0133-BMFZO,0.52239245,86.25,Month-to-month
6128-CZOMY,0.649026,45.65,Month-to-month
9540-JYROE,0.4593625,70.1,Month-to-month
9026-LHEVG,0.3155682,40.75,Month-to-month
2260-USTRB,0.58741826,70.2,Month-to-month
3656-TKRVZ,0.30159742,55.35,Month-to-month
7011-CVEUC,0.40639302,95.7,Month-to-month
6185-TASNN,0.7101525,46.3,Month-to-month
7925-PNRGI,0.09342429,81.3,Month-to-month
8623-TMRBY,0.4094769,84.2,Month-to-month
1552-CZCLL,0.072366945,20.0,Month-to-month
3038-PQIUY,0.14109889,66.15,Month-to-month
1501-SGHBW,0.5154792,45.85,Month-to-month
9313-CDOGY,0.08099973,19.6,Month-to-month
8148-BPLZQ,0.19010071,49.8,Month-to-month
2623-DRYAM,0.32294655,101.75,One year
9987-LUTYD,0.062122926,55.15,One year
3208-YPIOE,0.31594607,75.25,Month-to-month
4488-KQFDT,0.34625867,103.95,One year
2612-RANWT,0.70597893,100.15,Month-to-month
5693-PIPCS,0.04718997,99.65,Two year
0491-KAPQG,0.4948849,73.7,Month-to-month
1925-LFCZZ,0.17138048,50.05,One year
8039-EQPIM,0.020460792,60.25,Two year
6900-PXRMS,0.5101136,105.75,Month-to-month
8707-RMEZH,0.0807498,87.3,One year
3346-BRMIS,0.4182323,48.35,Month-to-month
3209-ZPKFI,0.16875792,54.25,Month-to-month
6479-VDGRK,0.015337182,85.3,Two year
9373-WSLOY,0.20986609,50.0,Month-to-month
2933-FILNV,0.52309066,24.4,Month-to-month
3569-JFODW,0.014122321,90.95,Two year
9819-FBNSV,0.319643,72.25,Month-to-month
9544-PYPSJ,0.31140688,96.1,Month-to-month
1591-XWLGB,0.008628872,19.85,Two year
0396-UKGAI,0.12952371,55.3,Month-to-month
3243-ZHOHY,0.037532695,20.1,One year
5186-EJEGL,0.2052851,69.5,Month-to-month
7527-QNRUS,0.018145978,25.15,Two year
9986-BONCE,0.1495675,20.95,Month-to-month
2722-JMONI,0.67370206,49.55,Month-to-month
2203-GHNWN,0.38776812,79.65,Month-to-month
3878-AVSOQ,0.8678031,71.25,Month-to-month
3258-SYSWS,0.076984994,113.8,Two year
5296-PSYVW,0.027416555,24.55,Two year
6319-QSUSR,0.11279052,19.7,Month-to-month
4083-EUGRJ,0.104083374,20.25,Month-to-month
7579-OOPEC,0.47996894,50.15,Month-to-month
0512-FLFDW,0.24307157,100.5,One year
1771-OADNZ,0.600332,95.9,Month-to-month
0487-CRLZF,0.027000977,74.45,Two year
2107-FBPTK,0.6322656,104.1,Month-to-month
9451-WLYRI,0.025428915,19.05,One year
8219-VYBVI,0.01179531,25.0,Two year
1991-VOPLL,0.099643186,19.05,Month-to-month
9738-QLWTP,0.09129942,81.9,One year
1016-DJTSV,0.638967,69.7,Month-to-month
9419-IPPBE,0.22048628,90.15,One year
0174-QRVVY,0.01035214,25.35,Two year
5699-BNCAS,0.018901477,24.65,Two year
2900-PHPLN,0.012628035,19.55,Two year
0612-RTZZA,0.63547325,25.25,Month-to-month
8106-GWQOK,0.02618104,60.0,Two year
8751-EDEKA,0.26137865,89.9,Month-to-month
6878-GGDWG,0.05924094,19.4,Month-to-month
4039-PIMHX,0.033822797,49.8,Two year
8450-LUGUK,0.016713956,24.1,Two year
3604-WLABM,0.21478212,54.25,Month-to-month
0795-GMVQO,0.16420366,109.9,One year
2259-OUUSZ,0.15835983,35.5,One year
1142-IHLOO,0.16815372,87.55,One year
6410-LEFEN,0.20269662,45.15,Month-to-month
4633-MKHYU,0.6058869,88.4,Month-to-month
6257-RJOHI,0.32469326,50.8,Month-to-month
1545-JFUML,0.09391794,99.0,Two year
3194-ORPIK,0.3030981,84.4,Month-to-month
7826-VVKWT,0.27216342,96.55,Two year
1353-GHZOS,0.06979929,59.75,One year
2587-EKXTS,0.4202169,111.5,Month-to-month
5442-BXVND,0.08107998,24.25,Month-to-month
8816-VXNZD,0.857462,75.1,Month-to-month
9378-FXTIZ,0.12803867,70.15,One year
1723-HKXJQ,0.5249893,101.75,Month-to-month
7825-GKXMW,0.53249764,45.8,Month-to-month
9753-OYLBX,0.34645376,20.5,Month-to-month
2364-UFROM,0.066216715,70.4,One year
6656-JWRQX,0.5128386,30.55,Month-to-month
6473-ULUHT,0.18808824,84.9,Month-to-month
1240-KNSEZ,0.36869204,20.1,Month-to-month
0836-SEYLU,0.25304726,40.65,Month-to-month
4433-JCGCG,0.5555777,101.0,Month-to-month
3716-BDVDB,0.7992986,69.1,Month-to-month
7688-AWMDX,0.015366496,54.5,Two year
2842-BCQGE,0.35692444,75.35,Month-to-month
7244-QWYHG,0.0601674,44.45,One year
5899-MQZZL,0.5074335,75.0,Month-to-month
6849-OYAMU,0.13932708,100.0,One year
5312-UXESG,0.39685336,98.05,Month-to-month
9488-HGMJH,0.8167503,71.15,Month-to-month
6038-GCYEC,0.23298863,54.15,Month-to-month
2150-WLKUW,0.07751709,63.9,One year
7159-FVYPK,0.3715251,69.15,Month-to-month
7032-LMBHI,0.06397102,64.65,One year
1150-WFARN,0.07319978,108.75,Two year
6088-BXMRG,0.587925,98.85,Month-to-month
3144-AUDBS,0.35718146,49.15,Month-to-month
4821-SJHJV,0.33672094,89.6,Month-to-month
7346-MEDWM,0.34589103,83.25,Month-to-month
1137-DGOWI,0.08637992,70.25,One year
5616-PRTNT,0.107392624,19.4,Month-to-month
3812-LRZIR,0.029249951,24.5,Two year
4818-QIUFN,0.5324288,79.15,Month-to-month
9483-GCPWE,0.04308421,20.1,One year
4227-OJHAL,0.049048696,73.0,One year
9220-CXRSC,0.012909161,61.4,Two year
4993-JCRGJ,0.32859436,84.3,Month-to-month
9537-JALFH,0.00862,19.9,Two year
6698-OXETB,0.018818906,20.4,Two year
2103-ZRXFN,0.549497,50.75,Month-to-month
3724-BSCVH,0.039340205,20.45,One year
4877-TSOFF,0.05664808,75.75,One year
9209-NWPGU,0.06974693,65.4,One year
6961-VCPMC,0.39167827,80.4,Month-to-month
7306-YDSOI,0.012935405,59.75,Two year
5288-AHOUP,0.6467559,78.5,Month-to-month
6688-UZPWD,0.7812485,102.0,Month-to-month
0655-YDGFJ,0.11057536,48.95,Month-to-month
8468-EHYJA,0.4200285,99.65,Month-to-month
6823-SIDFQ,0.02334642,18.25,One year
1097-FSPVW,0.13203791,54.55,Month-to-month
2839-RFSQE,0.270982,20.65,Month-to-month
8328-SKJNO,0.060233314,40.65,One year
7010-ZMVBF,0.057953823,20.45,Month-to-month
5201-CBWYG,0.02487241,24.8,One year
0968-GSIKN,0.7056845,70.8,Month-to-month
1965-DDBWU,0.43780234,89.05,Month-to-month
9057-SIHCH,0.8104619,96.6,Month-to-month
6352-GIGGQ,0.0631819,88.8,One year
3635-QQRQD,0.012163374,20.05,Two year
6771-XWBDM,0.43150753,104.5,Month-to-month
2897-DOVND,0.7301504,69.8,Month-to-month
3082-YVEKW,0.027567655,77.15,Two year
0191-EQUUH,0.021702029,35.05,Two year
7134-HBPBS,0.08976801,108.1,Two year
3489-HHPFY,0.827835,84.05,Month-to-month
2926-JEJJC,0.061524965,20.2,One year
8601-QACRS,0.36355302,50.6,Month-to-month
4950-BDEUX,0.21443333,49.2,Month-to-month
5789-LDFXO,0.044972453,24.6,One year
0508-OOLTO,0.6460901,71.65,Month-to-month
2984-TBYKU,0.059294123,104.9,Two year
9822-WMWVG,0.3600479,106.5,Month-to-month
2391-SOORI,0.27397305,49.35,Month-to-month
9040-KZVWO,0.11506023,75.5,One year
2645-QTLMB,0.7216959,94.25,Month-to-month
4806-HIPDW,0.8339487,68.95,Month-to-month
1548-ARAGG,0.37429643,58.5,Month-to-month
6339-RZCBJ,0.02277283,78.9,Two year
4424-TKOPW,0.8231437,93.85,Month-to-month
4415-WNGVR,0.22757712,79.2,One year
2522-AHJXR,0.3327604,109.45,Month-to-month
0412-UCCNP,0.06243751,59.2,Two year
1816-FLZDK,0.4197901,29.15,Month-to-month
7096-UCLNH,0.3057714,20.05,Month-to-month
8443-ZRDBZ,0.6884223,76.05,Month-to-month
9136-ALYBR,0.5335953,24.45,Month-to-month
4615-PIVVU,0.026817001,66.5,Two year
8885-QSQBX,0.40550113,49.55,Month-to-month
7479-NITWS,0.6298233,89.35,Month-to-month
8617-ENBDS,0.54651695,73.6,Month-to-month
9385-NXKDA,0.024074808,82.65,Two year
0430-IHCDJ,0.29942355,49.0,Month-to-month
2959-MJHIC,0.69096005,80.35,Month-to-month
6674-KVJHG,0.06236001,25.2,One year
1814-DKOLC,0.14258583,25.45,Month-to-month
4201-JMNGR,0.6761163,55.8,Month-to-month
9351-HXDMR,0.049744587,110.9,Two year
3537-HPKQT,0.26839918,77.75,Month-to-month
2129-ALKBS,0.13452177,26.2,Month-to-month
5821-MMEIL,0.012792626,19.9,Two year
5960-WPXQM,0.8389312,79.05,Month-to-month
0684-AOSIH,0.7819562,95.0,Month-to-month
8260-NGFNY,0.42542964,25.2,Month-to-month
1309-XGFSN,0.17215446,80.85,One year
1866-RZZQS,0.52894735,98.4,Month-to-month
6968-URWQU,0.08434126,56.35,One year
4742-TXUEX,0.015354726,19.3,Two year
9631-XEYKE,0.43075478,50.4,Month-to-month
8631-NBHFZ,0.01967507,79.4,Two year
1335-MXCSE,0.029781582,55.25,Two year
8873-TMKGR,0.025183255,19.1,One year
8800-JOOCF,0.6872257,84.05,Month-to-month
1469-LBJQJ,0.40085778,105.2,Month-to-month
4958-XCBDQ,0.5857108,101.4,Month-to-month
8337-UPOAQ,0.7364758,89.8,Month-to-month
0064-YIJGF,0.32835552,75.75,Month-to-month
2386-OWURY,0.41763923,95.3,Month-to-month
1725-IQNIY,0.07762524,109.75,Two year
0310-VQXAM,0.12702513,19.85,Month-to-month
6598-RFFVI,0.089612335,19.3,One year
3453-RTHJQ,0.61733395,69.1,Month-to-month
6712-OAWRH,0.559406,91.25,Month-to-month
6278-FEPBZ,0.104083374,20.25,Month-to-month
4280-DLSHD,0.233443,54.75,Month-to-month
1508-DFXCU,0.6131676,81.45,Month-to-month
8614-VGMMV,0.29942355,49.1,Month-to-month
7868-BGSZA,0.14221932,80.2,One year
2800-QQUSO,0.51419365,100.3,Month-to-month
2930-UOTMB,0.10797071,65.25,Month-to-month
7973-DZRKH,0.021949144,90.95,Two year
5914-DVBWJ,0.51853245,85.45,Month-to-month
7698-YFGEZ,0.33977962,20.0,Month-to-month
2533-QVMSK,0.074456505,94.1,Two year
9773-PEQBZ,0.5322048,79.85,Month-to-month
8644-XLFBW,0.80506444,71.65,Month-to-month
0650-BWOZN,0.556922,73.55,Month-to-month
8625-AZYZY,0.5998627,104.65,Month-to-month
7785-RDVIG,0.1924252,19.3,Month-to-month
9602-WCXPI,0.028351119,20.15,One year
2903-YYTBW,0.60538995,44.55,Month-to-month
3620-MWJNE,0.5169347,54.45,Month-to-month
8573-JGCZW,0.042024393,19.65,One year
6837-HAEVO,0.14900748,105.0,Two year
6701-YVNQG,0.01787872,88.7,Two year
9306-CPCBC,0.7368202,74.25,Month-to-month
4304-XUMGI,0.035122354,75.15,Two year
9504-YAZWB,0.0134610925,20.25,Two year
8819-ZBYNA,0.10199224,109.1,Two year
6174-NRBTZ,0.096057616,30.75,One year
9481-IEBZY,0.29881114,112.9,Month-to-month
1833-VGRUM,0.84647286,74.2,Month-to-month
6137-NICCO,0.65534943,94.05,Month-to-month
9065-ZCPQX,0.01579888,78.85,Two year
6402-EJMWF,0.33724406,55.3,Month-to-month
3620-EHIMZ,0.014865905,19.35,Two year
3213-VVOLG,0.047756065,25.35,Two year
6870-ECSHE,0.107689,20.45,One year
8747-UDCOI,0.012246062,19.35,Two year
8374-XGEJJ,0.5465426,101.0,Month-to-month
2656-TABEH,0.84776384,100.2,Month-to-month
6946-LMSQS,0.2866027,89.05,One year
4626-OZDTJ,0.09451752,78.65,One year
9169-BSVIN,0.25128213,74.75,Month-to-month
2325-ZUSFD,0.06973737,70.1,One year
8194-PEEBY,0.028095236,19.9,One year
6872-HXFNF,0.042752776,58.35,One year
3932-CMDTD,0.55629426,105.65,One year
7714-YXSMB,0.531682,100.5,Month-to-month
8387-UGUSU,0.090146065,20.05,Month-to-month
1080-BWSYE,0.015878366,25.65,Two year
4039-HEUNW,0.5066585,96.5,Month-to-month
1194-HVAIF,0.41499525,95.0,Month-to-month
0812-WUPTB,0.7060342,70.85,Month-to-month
3594-UVONA,0.10136473,85.95,One year
0004-TLHLJ,0.6340344,73.9,Month-to-month
1767-TGTKO,0.3588581,45.45,Month-to-month
8439-LTUGF,0.13388468,20.0,Month-to-month
8805-JNRAZ,0.36320817,49.2,Month-to-month
5089-IFSDP,0.10923655,109.45,Two year
6418-HNFED,0.018803652,83.25,Two year
0206-OYVOC,0.013515424,19.25,Two year
7291-CDTMJ,0.43311945,19.65,Month-to-month
7128-GGCNO,0.23764837,72.8,Month-to-month
0237-YFUTL,0.3061474,109.65,Month-to-month
7691-KGKGP,0.12165948,65.0,Month-to-month
6710-HSJRD,0.41286567,114.1,Month-to-month
3675-EQOZA,0.1366783,20.65,Month-to-month
0840-DCNZE,0.084038414,86.95,One year
1732-FEKLD,0.14072774,94.75,One year
9862-KJTYK,0.17080767,25.35,Month-to-month
0479-HMSWA,0.18157727,105.45,Two year
5854-KSRBJ,0.009961198,25.4,Two year
0365-BZUWY,0.65178275,102.55,Month-to-month
4817-VYYWS,0.6211095,100.2,Month-to-month
5701-SVCWR,0.3038214,24.0,Month-to-month
3129-AAQOU,0.014676164,25.6,Two year
4922-CVPDX,0.032408014,73.5,Two year
1396-QWFBJ,0.30111054,74.05,Month-to-month
1357-BIJKI,0.27967075,98.25,One year
1099-BTKWT,0.09289081,54.4,One year
5299-SJCZT,0.7909703,101.55,Month-to-month
2018-PZKMU,0.6316817,103.1,Month-to-month
7340-KEFQE,0.017942106,34.2,Two year
4570-QHXHL,0.33878407,43.75,Month-to-month
2403-BCASL,0.29977855,111.95,One year
7392-YYPYJ,0.6336783,100.65,Month-to-month
2898-LSJGD,0.16537961,55.95,One year
2223-GDSHL,0.043624,116.05,Two year
7359-PTSXY,0.52388203,45.75,Month-to-month
9470-RTWDV,0.10450478,82.0,One year
2176-OSJUV,0.014452369,65.15,Two year
9348-YVOMK,0.40669116,44.8,Month-to-month
8104-OSKWT,0.5494977,79.8,Month-to-month
4521-YEEHE,0.516318,88.85,Month-to-month
4090-KPJIP,0.7253324,74.95,Month-to-month
3786-WOVKF,0.15800484,106.85,One year
4503-BDXBD,0.47326472,74.95,Month-to-month
6086-ESGRL,0.73908335,80.15,Month-to-month
2592-HODOV,0.045521457,19.3,One year
3886-CERTZ,0.20226032,109.25,One year
7995-ZHHNZ,0.059459195,56.1,One year
3824-RHKVR,0.090308525,19.7,Month-to-month
5816-SCGFC,0.2611551,51.3,Month-to-month
5989-AXPUC,0.05045483,118.6,Two year
4979-HPRFL,0.0127073,24.15,Two year
8590-OHDIW,0.019950664,20.3,One year
8015-IHCGW,0.06890975,115.5,Two year
2332-TODQS,0.034164745,25.05,One year
9278-VZKCD,0.37913194,109.1,Month-to-month
8008-OTEZX,0.028144326,19.65,One year
2773-OVBPK,0.07979875,111.3,Two year
5999-LCXAO,0.48839846,29.9,Month-to-month
5206-XZZQI,0.22155099,80.6,Month-to-month
4803-LBYPN,0.06205495,20.8,Month-to-month
5759-RCVCB,0.49162385,35.2,Month-to-month
6372-RFVNS,0.83165306,78.8,Month-to-month
2139-FQHLM,0.26127326,89.95,Month-to-month
8261-GWDBQ,0.122581385,116.05,Two year
1093-YSWCA,0.017429234,19.55,Two year
8938-UMKPI,0.5011603,106.4,Month-to-month
0991-BRRFB,0.14721985,49.4,Month-to-month
3882-IYOIJ,0.066087656,115.25,Two year
8749-TZYEC,0.008939641,24.8,Two year
1755-FZQEC,0.023507401,19.9,One year
3115-JPJDD,0.06654842,81.25,One year
5600-KTXFM,0.5078594,69.95,Month-to-month
3871-IKPYH,0.76720506,69.1,Month-to-month
6319-IEJWJ,0.5189012,90.2,Month-to-month
9025-AOMKI,0.6895933,93.55,Month-to-month
6339-TBELP,0.021662619,86.4,Two year
7964-YESJC,0.09602106,66.3,Month-to-month
6173-GOLSU,0.35008168,94.65,Month-to-month
5275-SQEIZ,0.72916794,80.85,Month-to-month
7716-YTYHG,0.16694897,82.05,One year
9938-ZREHM,0.075726144,72.1,One year
7950-XWOVN,0.18755975,34.7,Month-to-month
4390-KYULV,0.16951084,20.55,Month-to-month
4647-MUZON,0.47586462,95.95,Month-to-month
9702-AIUJO,0.07741289,44.8,One year
8849-PRIQJ,0.17672074,109.4,One year
8851-RAGOV,0.12303426,71.05,Month-to-month
1304-NECVQ,0.7880763,78.55,Month-to-month
5396-IZEPB,0.1014579,19.7,Month-to-month
1729-VLAZJ,0.06909561,40.25,One year
8285-ABVLB,0.008713546,19.85,Two year
0701-TJSEF,0.17462648,68.25,Month-to-month
5712-VBOXD,0.18263473,20.15,Month-to-month
6629-LADHQ,0.27321053,50.95,Month-to-month
8945-GRKHX,0.83562744,78.65,Month-to-month
1559-DTODC,0.22994956,25.15,Month-to-month
4797-MIWUM,0.11828757,20.25,Month-to-month
6959-UWKHF,0.6701724,42.9,Month-to-month
8720-RQSBJ,0.6430756,44.0,Month-to-month
4537-CIBHB,0.055107933,20.25,One year
3815-SLMEF,0.2863045,34.25,Month-to-month
5154-VEKBL,0.22995682,58.5,Month-to-month
4324-AHJKS,0.22437097,55.8,Month-to-month
4355-CVPVS,0.13300745,88.9,One year
4495-LHSSK,0.1433112,57.65,Month-to-month
5655-JSMZM,0.5770491,96.2,Month-to-month
5915-ANOEI,0.01694434,79.15,Two year
9861-PDSZP,0.10516505,108.05,Two year
4505-EXZHB,0.5099723,74.4,Month-to-month
7225-CBZPL,0.6972447,94.8,Month-to-month
6704-UTUKK,0.34963772,45.9,Month-to-month
4587-VVTOX,0.8260582,105.3,Month-to-month
2019-HDCZY,0.14284661,102.6,Two year
4652-NNHNY,0.3736269,73.85,Month-to-month
8788-DOXSU,0.09195718,61.35,One year
7404-JLKQG,0.53246266,57.55,Month-to-month
7421-ZLUPA,0.33365366,29.25,Month-to-month
8972-HJWNV,0.7371618,84.55,Month-to-month
3274-NSDWE,0.01060369,19.6,Two year
2632-IVXVF,0.07125779,111.75,Two year
3692-JHONH,0.37004727,106.5,One year
8915-NNTRC,0.05793235,107.7,Two year
5914-GXMDA,0.027958844,19.3,One year
7463-IFMQU,0.009833332,20.05,Two year
2920-RNCEZ,0.76931214,69.95,Month-to-month
2541-YGPKE,0.08024483,63.7,One year
8515-OCTJS,0.012629544,24.75,Two year
5382-TEMLV,0.133846,50.9,Month-to-month
3441-CGZJH,0.109847926,60.4,One year
9592-ERDKV,0.0864093,79.25,One year
2860-RANUS,0.5193946,85.8,Month-to-month
5261-QSHQM,0.6163248,24.45,Month-to-month
4778-IZARL,0.06215158,110.1,Two year
0432-CAJZV,0.6395191,90.7,Month-to-month
7008-LZVOZ,0.012745872,25.3,Two year
8868-WOZGU,0.6260232,105.7,Month-to-month
1200-TUZHR,0.6919072,85.2,Month-to-month
9365-CSLBQ,0.008682217,24.35,Two year
1334-FJSVR,0.69829166,24.25,Month-to-month
5884-FBCTL,0.009845365,25.1,Two year
7130-CTCUS,0.20855698,54.55,Month-to-month
6242-FEGFD,0.03700035,96.6,Two year
7625-XCQRH,0.62075865,76.5,Month-to-month
6194-HBGQN,0.05500187,81.15,One year
7634-WSWDB,0.3464559,38.5,Month-to-month
6986-IXNDM,0.6507277,92.9,Month-to-month
1731-TVIUK,0.72832924,93.5,Month-to-month
2987-BJXIK,0.020729717,84.7,Two year
9769-TSBZE,0.029192243,66.0,Two year
0406-BPDVR,0.2646148,101.5,One year
0618-XWMSS,0.22694628,74.9,Month-to-month
1395-WSWXR,0.0127023235,20.75,Two year
6023-GSSXW,0.023664929,61.45,Two year
6752-APNJL,0.09088137,54.5,Month-to-month
5276-KQWHG,0.70831066,69.6,Month-to-month
0420-HLGXF,0.57286125,99.75,Month-to-month
7446-KQISO,0.1526957,109.75,Two year
9823-EALYC,0.016525177,80.85,Two year
0582-AVCLN,0.010002403,20.3,Two year
5803-NQJZO,0.015869746,67.8,Two year
2565-JSLRY,0.28551146,24.05,Month-to-month
2607-DHDAK,0.011163204,19.8,Two year
1073-XXCZD,0.016690517,25.7,Two year
0743-HRVFF,0.15602243,56.15,One year
4006-HKYHO,0.015475826,86.7,Two year
3727-JEZTU,0.34645376,20.4,Month-to-month
8143-ETQTI,0.017025834,19.65,Two year
6689-KXGBO,0.55053365,50.55,Month-to-month
9667-TKTVZ,0.488575,54.35,Month-to-month
3657-COGMW,0.36943105,108.1,Month-to-month
8570-KLJYJ,0.04431231,54.45,One year
7754-IXRMC,0.51710546,45.35,Month-to-month
9473-CBZOP,0.04875397,59.0,One year
2969-WGHQO,0.09669946,69.45,One year
6615-NGGZJ,0.7137394,100.55,Month-to-month
4334-HOWRP,0.04595889,64.95,Two year
4255-DDUOU,0.36771536,20.5,Month-to-month
5863-OOKCL,0.131778,18.85,Month-to-month
1686-STUHN,0.032220654,19.8,One year
1329-VHWNP,0.32549167,25.05,Month-to-month
2984-MIIZL,0.52983236,74.8,Month-to-month
0266-GMEAO,0.052760743,114.3,Two year
5590-YRFJT,0.26097065,24.45,Month-to-month
5574-NXZIU,0.08536693,109.2,Two year
0019-GFNTW,0.02308209,45.05,Two year
4256-ZWTZI,0.29254997,51.0,Month-to-month
8309-PPCED,0.06059607,110.45,Two year
4098-NAUKP,0.2894074,84.65,Month-to-month
5196-WPYOW,0.0294644,60.05,One year
4608-LCIMN,0.15441702,44.65,Month-to-month
1485-YDHMM,0.23173657,93.25,Month-to-month
4054-CUMIA,0.09152842,20.25,Month-to-month
0603-TPMIB,0.010228389,25.45,Two year
2525-GVKQU,0.011478396,20.6,Two year
8161-QYMTT,0.7750543,94.1,Month-to-month
9581-GVBXT,0.05372129,34.8,One year
5862-BRIXZ,0.0327736,60.75,Two year
5404-GGUKR,0.35921225,51.35,Month-to-month
3308-JSGML,0.046059612,64.05,Two year
2126-GSEGL,0.022660248,84.8,Two year
3677-TNKIO,0.40356237,71.0,Month-to-month
0440-QEXBZ,0.17672831,50.15,Month-to-month
2434-EEVDB,0.08312753,94.6,Two year
6762-QVYJO,0.021296434,59.75,Two year
6199-IWKGC,0.32915744,100.25,One year
2675-DHUTR,0.52391833,98.9,Month-to-month
8152-VETUR,0.06787639,97.7,Two year
9667-EQRXU,0.33771977,40.3,Month-to-month
7446-YPODE,0.19493829,60.25,Month-to-month
9522-BNTHX,0.3875843,56.25,Month-to-month
4676-WLUHT,0.034638144,46.2,Two year
3329-WDIOK,0.6276934,50.6,Month-to-month
7980-MHFLQ,0.007977358,24.9,Two year
2873-ZLIWT,0.3160761,84.85,Month-to-month
3415-TAILE,0.4677306,65.7,Month-to-month
0757-WCUUZ,0.023715954,63.35,Two year
1629-DQQVB,0.15360247,50.1,Month-to-month
1915-IOFGU,0.7652719,70.5,Month-to-month
3045-XETSH,0.6748481,94.85,Month-to-month
0374-AACSZ,0.51661026,50.15,Month-to-month
7239-HZZCX,0.30595452,19.75,Month-to-month
4872-VXRIL,0.04823885,64.65,One year
9140-CZQZZ,0.019331936,79.6,Two year
3423-HHXAO,0.0421298,19.5,One year
9938-TKDGL,0.07280045,99.55,Two year
0531-ZZJWQ,0.42320612,74.0,Month-to-month
6537-QLGEX,0.31367216,38.9,Month-to-month
2688-BHGOG,0.6602261,79.55,Month-to-month
7683-CBDKJ,0.19912928,65.45,Month-to-month
0946-CLJTI,0.46386403,98.7,Month-to-month
3160-TYXLT,0.19659874,46.3,Month-to-month
1325-USMEC,0.054806817,99.35,Two year
0916-QOFDP,0.7299837,95.8,Month-to-month
0628-CNQRM,0.053082984,67.5,One year
5606-AMZBO,0.5174241,78.15,Month-to-month
6199-IPCAO,0.012750085,26.1,Two year
7665-TOALD,0.831179,69.6,Month-to-month
0112-QWPNC,0.07825827,84.35,One year
0324-BRPCJ,0.4015115,100.2,Month-to-month
2777-PHDEI,0.79662585,78.05,Month-to-month
5640-CAXOA,0.11389118,40.35,One year
2235-EZAIK,0.017839545,79.2,Two year
3847-BAERP,0.113296315,20.9,Month-to-month
1196-AMORA,0.59928346,73.6,Month-to-month
4282-YMKNA,0.62075865,74.75,Month-to-month
1453-RZFON,0.39351174,49.9,Month-to-month
8263-OKETD,0.17812778,68.9,Month-to-month
0670-KDOMA,0.36869204,20.25,Month-to-month
2476-YGEFM,0.3863992,76.0,Month-to-month
8687-BAFGU,0.7287298,74.0,Month-to-month
0641-EVBOJ,0.48966077,82.3,Month-to-month
0829-XXPLX,0.32372594,89.4,Month-to-month
9974-JFBHQ,0.31751454,99.15,Month-to-month
5356-RHIPP,0.35496908,20.2,Month-to-month
6624-JDRDS,0.28016374,29.45,Month-to-month
0608-JDVEC,0.029715393,19.8,Two year
9780-FKVVF,0.26379034,59.15,Month-to-month
1919-RTPQD,0.24706006,44.75,Month-to-month
5214-NLTIT,0.03212032,90.8,Two year
3345-PBBFH,0.24141619,49.55,Month-to-month
5055-BRMNE,0.06843756,106.7,Two year
9189-JWSHV,0.64600676,93.55,Month-to-month
2190-PHBHR,0.069239095,94.45,Two year
2650-GYRYL,0.041729163,19.45,One year
0746-JTRFU,0.69641626,25.05,Month-to-month
5208-FVQKB,0.016645672,67.95,Two year
7184-LRUUR,0.066825084,65.25,One year
6627-CFOSN,0.3123163,99.45,Month-to-month
3982-JGSFD,0.035046726,20.35,One year
1574-DYCWE,0.0112383915,19.95,Two year
7247-XOZPB,0.05313321,77.4,One year
2466-FCCPT,0.024790257,19.7,One year
6211-WWLTF,0.05773995,99.7,Two year
4826-TZEVA,0.25809702,74.8,Month-to-month
6016-NXBNJ,0.030643838,19.15,One year
9138-EFSMO,0.15368563,78.95,One year
0576-WNXXC,0.60965973,95.55,Month-to-month
4632-XJMEX,0.041645166,62.85,One year
8910-LEDAG,0.28259632,71.55,Month-to-month
3452-GWUIN,0.6384218,94.95,Month-to-month
2716-GFZOR,0.16767578,86.1,Month-to-month
3724-UCSHY,0.09875196,19.55,Month-to-month
8626-XHBIE,0.015367492,24.8,Two year
4628-CTTLA,0.2548385,39.3,Month-to-month
3192-LNKRK,0.4005759,84.05,Month-to-month
4439-YRNVD,0.24699377,36.25,Month-to-month
2876-VBBBL,0.35767758,20.25,Month-to-month
6834-NXDCA,0.3670938,23.9,Month-to-month
2208-UGTGR,0.38935173,98.6,Month-to-month
3005-TYFRD,0.42926103,103.65,Month-to-month
8670-MEFCP,0.05066228,92.9,Two year
3079-BCHLN,0.0284889,19.9,One year
7777-UNYHB,0.099473156,20.1,Month-to-month
5597-GLBUC,0.83162665,85.45,Month-to-month
7278-CKDNC,0.56415457,80.5,Month-to-month
2748-MYRVK,0.19772679,99.9,One year
8450-UYIBU,0.4276112,39.85,Month-to-month
2969-VAPYH,0.031004503,60.5,One year
4822-YCXMX,0.54234827,84.8,Month-to-month
7181-OQCUT,0.4280154,103.85,Month-to-month
8474-UMLNT,0.1390927,67.8,Month-to-month
9821-POOTN,0.45813543,75.2,Month-to-month
3836-FZSDJ,0.015878366,24.85,Two year
9142-XMYJH,0.07352528,19.35,Month-to-month
6559-ILWKJ,0.029044274,49.35,Two year
0187-QSXOE,0.73404807,89.0,Month-to-month
7733-UDMTP,0.34292114,55.0,Month-to-month
2649-HWLYB,0.019456524,76.15,Two year
5214-CHIWJ,0.022405477,20.3,One year
4229-CZMLL,0.6819136,74.9,Month-to-month
6904-JLBGY,0.04977142,117.35,Two year
2465-BLLEU,0.43164295,19.75,Month-to-month
1685-VAYJF,0.19166957,45.2,Month-to-month
8874-EJNSR,0.012757512,25.2,Two year
6917-YACBP,0.274672,89.75,Month-to-month
5049-MUBWG,0.07135317,75.0,One year
4223-WOZCM,0.5116451,49.95,Month-to-month
0769-MURVM,0.01988584,65.7,Two year
9253-VIFJQ,0.031188954,67.05,One year
7030-FZTFM,0.05590114,110.9,Two year
9741-YLNTD,0.5737554,87.95,Month-to-month
5917-RYRMG,0.038174413,19.8,One year
5120-ZBLAI,0.11468822,75.7,One year
1194-BHJYC,0.019881193,62.15,Two year
3663-MITLP,0.61524373,101.25,Month-to-month
0906-QVPMS,0.056273814,115.15,Two year
9025-ZRPVR,0.13989696,18.95,Month-to-month
1905-OEILC,0.34567857,19.5,Month-to-month
7858-GTZSP,0.7203066,86.55,Month-to-month
3285-UCQVC,0.11803923,28.6,Month-to-month
6248-BSHKG,0.018045565,20.4,One year
4685-TFLLS,0.030255001,19.8,One year
3470-BTGQO,0.1627131,45.65,Month-to-month
1209-VFFOC,0.01605378,56.4,Two year
8224-DWCKX,0.617806,73.3,Month-to-month
5482-PLVPE,0.6234727,24.35,Month-to-month
4553-DVPZG,0.4557326,101.35,Month-to-month
4902-OHLSK,0.49266958,98.65,Month-to-month
6917-IAYHD,0.4938815,33.6,Month-to-month
0495-ZBNGW,0.6569086,79.9,Month-to-month
8620-RJPZN,0.31454122,20.7,Month-to-month
7572-KPVKK,0.11509543,104.05,Two year
2642-MAWLJ,0.010089001,20.25,Two year
2357-COQEK,0.5687129,103.3,Month-to-month
7103-ZGVNT,0.04832825,73.7,One year
3737-GCSPV,0.61137474,96.2,Month-to-month
2027-WKXMW,0.33358055,108.75,Month-to-month
7137-NAXML,0.028053258,20.15,One year
2428-ZMCTB,0.09944728,19.75,Month-to-month
2961-VNFKL,0.011639432,25.95,Two year
1768-HNVGJ,0.21438384,70.05,Month-to-month
6963-KQYQB,0.008946665,24.05,Two year
5934-RMPOV,0.5360038,84.75,Month-to-month
1207-BLKSA,0.013273339,23.05,Two year
4088-YLDSU,0.30522364,104.15,One year
8316-BBQAY,0.020891149,59.95,Two year
1166-PQLGG,0.009342306,19.55,Two year
3146-JTQHR,0.050424367,19.6,One year
4291-YZODP,0.057100505,20.05,One year
4395-PZMSN,0.7230279,85.55,Month-to-month
6427-FEFIG,0.026454149,78.6,Two year
0017-IUDMW,0.050185215,116.8,Two year
8706-HRADD,0.20916305,43.55,Month-to-month
9955-QOPOY,0.10777714,60.8,One year
4385-ZKVNW,0.12805931,54.9,Month-to-month
5446-DKWYW,0.1203805,65.2,One year
2034-CGRHZ,0.5320343,102.95,Month-to-month
5797-APWZC,0.76248044,90.6,Month-to-month
3683-QKIUE,0.30813324,50.8,Month-to-month
4228-ZGYUW,0.7206934,90.05,Month-to-month
9031-ZVQPT,0.16882092,108.2,Two year
2990-IAJSV,0.019663058,92.0,Two year
8107-KNCIM,0.71294016,75.1,Month-to-month
9027-YFHQJ,0.159124,25.05,Month-to-month
5176-LDKUH,0.12997709,75.15,One year
4644-OBGFZ,0.02655787,19.5,One year
7926-IJOOU,0.21003167,19.3,Month-to-month
6480-YAGIY,0.16029774,112.2,One year
4029-HPFVY,0.5284938,70.3,Month-to-month
7602-DBTOU,0.008945785,19.6,Two year
5345-BMKWB,0.10542744,20.25,Month-to-month
3519-ZKXGG,0.73780966,75.85,Month-to-month
5457-COLHT,0.016362699,80.65,Two year
6416-TVAIH,0.8067427,68.5,Month-to-month
5451-YHYPW,0.053252336,115.75,Two year
5108-ADXWO,0.48805562,73.5,Month-to-month
7998-WNZEM,0.015118106,80.6,Two year
3066-RRJIO,0.7334304,69.95,Month-to-month
4664-NJCMS,0.025701484,59.55,Two year
0307-BCOPK,0.04213922,19.05,One year
7629-WFGLW,0.11026312,95.65,One year
2542-HYGIQ,0.30572817,19.95,Month-to-month
6715-OFDBP,0.3673539,70.05,Month-to-month
5016-LIPDW,0.033175074,19.4,One year
6481-LXPWL,0.09757032,36.1,One year
1567-DSCIC,0.70591813,94.0,Month-to-month
2150-UWTFY,0.09079773,61.15,Month-to-month
6124-ACRHJ,0.34567857,19.75,Month-to-month
9362-MWODR,0.15172285,64.1,Month-to-month
9975-GPKZU,0.014535921,19.75,Two year
9625-RZFUK,0.009871906,19.7,Two year
5153-LXKDT,0.12103702,110.2,Two year
5161-UBZXI,0.06529726,106.35,Two year
1020-JPQOW,0.209041,90.55,Month-to-month
7919-ZODZZ,0.12839977,65.9,One year
0565-JUPYD,0.11688966,104.5,One year
6867-ACCZI,0.01731324,52.5,Two year
5939-XAIXZ,0.2382142,56.1,Month-to-month
9054-FOWNV,0.5296418,88.75,Month-to-month
2683-BPJSO,0.39514863,84.45,Month-to-month
2157-MXBJS,0.21454309,75.3,One year
8207-VVMYB,0.014318162,26.0,Two year
9732-EQMWY,0.43047452,99.4,Month-to-month
9360-AHGNL,0.19522072,109.55,One year
1087-UDSIH,0.23667622,19.6,Month-to-month
5269-NRGDP,0.13467643,73.15,One year
6195-MELTI,0.060078464,54.65,One year
5485-WUYWF,0.45017704,66.4,Month-to-month
2121-JAFOM,0.03719721,115.55,Two year
8818-DOPVL,0.52332395,104.45,Month-to-month
2632-UCGVD,0.2973463,100.05,Month-to-month
5445-PZWGX,0.1451771,102.0,One year
1227-UDMZR,0.016638665,91.15,Two year
5198-HQAEN,0.22316134,89.7,One year
9170-CCKOU,0.28572863,90.2,Month-to-month
2167-FQSTQ,0.05944977,92.4,Two year
2819-GWENI,0.028095236,19.9,One year
1043-YCUTE,0.016375637,25.15,Two year
3814-MLAXC,0.33306506,79.85,Month-to-month
3572-UUHRS,0.034425404,18.85,One year
2692-PFYTJ,0.42508334,25.75,Month-to-month
1226-UDFZR,0.4046701,49.6,Month-to-month
5955-EPOAZ,0.20012413,20.95,Month-to-month
6821-JPCDC,0.23626983,97.05,One year
8815-LMFLX,0.10671896,25.4,Month-to-month
9135-HSWOC,0.010817928,19.7,Two year
8582-KRHPJ,0.16347432,35.0,Month-to-month
5811-IWXYM,0.22319421,101.25,One year
7044-YAACC,0.7020942,70.2,Month-to-month
8189-XRIKE,0.4155381,90.95,Month-to-month
1506-YJTYT,0.020637969,73.85,Two year
4123-DVHPH,0.6406341,88.05,Month-to-month
6425-YQLLO,0.20716664,105.95,One year
5442-UTCVD,0.6603399,91.85,Month-to-month
2228-BZDEE,0.012385272,20.1,Two year
7734-DBOAI,0.43766347,40.1,Month-to-month
2789-CZANW,0.05071327,110.3,Two year
2091-RFFBA,0.53527695,73.9,Month-to-month
2114-MGINA,0.56605893,89.8,Month-to-month
7596-LDUXP,0.22511274,85.15,One year
3740-RLMVT,0.04060162,60.95,One year
4489-SNOJF,0.13387091,72.25,Month-to-month
2192-OZITF,0.022065248,73.55,Two year
5651-CPDND,0.18534157,46.0,Month-to-month
2186-QZEYA,0.18204531,58.55,Month-to-month
1131-ALZWV,0.03339586,24.6,One year
7729-XBTWX,0.010695256,19.75,Two year
9134-WYRVP,0.083483815,86.35,One year
3284-SVCRO,0.015697453,25.5,Two year
9732-OUYRN,0.035759207,19.0,One year
0559-CKHUS,0.01717023,19.55,Two year
2931-SVLTV,0.32290035,110.1,Month-to-month
6899-PPEEA,0.55455416,96.55,Month-to-month
7504-UWHNB,0.34409145,69.75,Month-to-month
2582-FFFZR,0.35902125,50.6,Month-to-month
8908-NMQTX,0.017108066,65.6,Two year
2187-LZGPL,0.37447417,40.1,Month-to-month
1431-AIDJQ,0.023965597,82.1,Two year
6288-LBEAR,0.29193217,79.1,Month-to-month
4597-NUCQV,0.66053414,101.25,Month-to-month
9019-QVLZD,0.79897213,79.55,Month-to-month
8413-YNHNV,0.019136071,90.65,Two year
5808-TOTXO,0.07110966,20.55,One year
4369-NYSCF,0.079741135,75.75,One year
6333-YDVLT,0.17174836,110.0,One year
5324-KTGCG,0.032939073,20.85,One year
5599-HVLTW,0.6474559,80.35,Month-to-month
7394-LWLYN,0.7406293,70.15,Month-to-month
3707-LRWZD,0.15821747,84.05,One year
6873-UDNLD,0.1348734,67.45,Month-to-month
2700-LUEVA,0.26658037,20.75,Month-to-month
1455-ESIQH,0.85008013,89.1,Month-to-month
0958-YHXGP,0.4569089,69.9,Month-to-month
1101-SSWAG,0.30029997,51.1,Month-to-month
2979-SXESE,0.48977742,94.4,Month-to-month
4013-TLDHQ,0.47447544,78.25,Month-to-month
5743-KHMNA,0.01069559,25.55,Two year
4194-FJARJ,0.022285853,60.0,Two year
5325-UWTWJ,0.23751296,90.55,Month-to-month
3969-GYXEL,0.45544693,76.4,Month-to-month
9208-OLGAQ,0.60187846,84.95,Month-to-month
3244-CQPHU,0.055341057,110.1,Two year
2674-MLXMN,0.3049639,99.65,Month-to-month
9708-HPXWZ,0.47126624,45.4,Month-to-month
6992-TKNYO,0.09004785,69.0,One year
4468-YDOVK,0.27646908,48.65,Month-to-month
3754-DXMRT,0.62483764,44.15,Month-to-month
5792-JALQC,0.030263457,59.85,Two year
7130-VTEWQ,0.71202517,75.75,Month-to-month
2200-DSAAL,0.049974006,80.65,Two year
4302-ZYFEL,0.020024119,20.55,One year
9351-LZYGF,0.12394656,66.4,Month-to-month
4366-CTOUZ,0.09068231,100.2,Two year
6121-VZNQB,0.35700527,19.1,Month-to-month
7903-CMPEY,0.81979316,80.3,Month-to-month
1518-OMDIK,0.164924,44.55,Month-to-month
6671-NGWON,0.1259725,20.35,Month-to-month
0595-ITUDF,0.16989611,91.8,Month-to-month
6996-KNSML,0.8074514,74.9,Month-to-month
1955-IBMMB,0.01541088,20.2,Two year
0096-BXERS,0.3074839,50.35,Month-to-month
3806-YAZOV,0.16767319,18.8,Month-to-month
7998-ZLXWN,0.07865792,20.45,Month-to-month
6253-WRFHY,0.24167638,64.75,One year
9133-AYJZG,0.53216445,98.7,Month-to-month
2675-OTVVJ,0.40375298,89.45,Month-to-month
8680-CGLTP,0.07517528,58.75,One year
8430-TWCBX,0.025342185,20.7,One year
5018-GWURO,0.3313452,85.6,Month-to-month
6741-QRLUP,0.016475067,80.3,Two year
4737-HOBAX,0.024403192,79.8,Two year
0537-QYZZN,0.46695918,79.85,Month-to-month
3340-QBBFM,0.058338534,54.1,One year
1704-NRWYE,0.66982543,80.85,Month-to-month
2592-SEIFQ,0.4509827,24.75,Month-to-month
8200-KLNYW,0.070933245,80.9,One year
3372-CDXFJ,0.04406601,24.5,One year
4781-ZXYGU,0.44733053,20.15,Month-to-month
7632-YUTXB,0.021021528,20.05,One year
2718-YSKCS,0.011642241,19.6,Two year
9896-UYMIE,0.17007577,114.3,One year
0853-NWIFK,0.23978989,100.3,One year
8212-CRQXP,0.38218784,80.0,Month-to-month
6980-CDGFC,0.026260568,20.85,One year
7691-XVTZH,0.04633965,89.95,Two year
2520-SGTTA,0.04680236,20.0,Two year
7481-ATQQS,0.30540368,90.85,Month-to-month
2277-VWCNI,0.46906486,48.75,Month-to-month
1088-CNNKB,0.054484632,80.0,One year
8642-GVWRF,0.5678252,79.7,Month-to-month
1930-BZLHI,0.037411306,20.35,One year
3400-ESFUW,0.015570485,57.55,Two year
5868-YTYKS,0.3812783,20.25,Month-to-month
3525-DVKFN,0.012006389,19.4,Two year
1482-OXZSY,0.390811,100.4,Month-to-month
0377-JBKKT,0.11636506,57.95,Month-to-month
5778-BVOFB,0.2777508,59.5,Month-to-month
3373-YZZYM,0.29927772,19.2,Month-to-month
2057-ZBLPD,0.5620334,86.5,Month-to-month
0228-MAUWC,0.18429546,59.55,Month-to-month
5502-RLUYV,0.3683053,103.95,Month-to-month
0023-HGHWL,0.72483194,25.1,Month-to-month
7663-YJHSN,0.05845682,103.95,Two year
4915-BFSXL,0.018568568,68.95,Two year
3086-RUCRN,0.20675085,103.1,Month-to-month
5215-LNLDJ,0.52196676,24.7,Month-to-month
7576-JMYWV,0.34391278,110.2,Month-to-month
9039-RBEEE,0.12309202,48.95,Month-to-month
0257-KXZGU,0.1170241,62.45,Month-to-month
1307-ATKGB,0.4962905,89.55,Month-to-month
8417-FMLZI,0.5482263,83.55,Month-to-month
3714-XPXBW,0.15533991,78.9,Month-to-month
1850-AKQEP,0.10408006,20.35,Month-to-month
2824-DXNKN,0.017909333,71.45,Two year
5227-JSCFE,0.030101486,46.35,Two year
0848-ZGQIJ,0.51765853,94.65,Month-to-month
3621-CHYVB,0.13611984,49.9,Month-to-month
8042-RNLKO,0.028251728,25.45,One year
1792-UXAFY,0.55112743,89.15,Month-to-month
5372-FBKBN,0.071102165,20.75,Month-to-month
0420-TXVSG,0.01360897,66.1,Two year
6217-TOWGS,0.25629878,75.4,Month-to-month
0515-YPMCW,0.7006663,70.45,Month-to-month
0378-XSZPU,0.03490229,60.3,One year
1045-LTCYT,0.115778886,21.05,Month-to-month
1544-JJMYL,0.045861714,69.35,One year
4636-JGAAI,0.31897348,88.85,Month-to-month
6874-SGLHU,0.25625873,97.0,One year
5951-AOFIH,0.18366793,66.4,Month-to-month
4729-XKASR,0.54316205,24.75,Month-to-month
3059-NGMXB,0.17289183,69.2,Month-to-month
8652-YHIYU,0.15368645,79.5,One year
5278-PNYOX,0.08841371,100.65,Two year
5449-FIBXJ,0.47443423,103.3,Month-to-month
3486-HOOGQ,0.01722154,79.7,Two year
5061-PBXFW,0.098423555,61.4,Month-to-month
8630-FJLIB,0.5116669,69.8,Month-to-month
3891-NLXJB,0.027702214,40.55,Two year
4749-OJKQU,0.73976636,75.65,Month-to-month
0577-WHMEV,0.4448739,90.7,Month-to-month
5453-AXEPF,0.44852087,80.5,Month-to-month
3639-XJHKQ,0.19308901,60.6,Month-to-month
3716-LRGXK,0.107386775,101.15,Two year
2263-SFSQZ,0.01557205,24.95,Two year
9950-MTGYX,0.015575033,20.3,Two year
3397-AVTKU,0.108458735,60.0,Two year
4825-FUREZ,0.026597997,20.25,Two year
9837-BMCLM,0.69963104,78.5,Month-to-month
2672-OJQZP,0.5068782,44.75,Month-to-month
0137-UDEUO,0.17771287,19.85,Month-to-month
3134-DSHVC,0.048657056,98.0,Two year
6161-UUUTA,0.75033706,79.9,Month-to-month
7821-DPRQE,0.3109334,107.7,Month-to-month
6543-XRMYR,0.60791403,99.7,Month-to-month
2001-EWBQU,0.15293057,104.7,Two year
4925-LMHOK,0.18888421,58.6,Month-to-month
1608-GMEWB,0.45101848,93.9,Month-to-month
6695-AMZUF,0.019200439,86.45,Two year
1455-UGQVH,0.82201314,98.5,Month-to-month
8410-BGQXN,0.16773346,19.4,Month-to-month
8280-MQRQN,0.563271,50.45,Month-to-month
1619-YWUBB,0.014075308,24.95,Two year
7611-YKYTC,0.23188426,75.0,Month-to-month
2037-SGXHH,0.40324077,94.65,Month-to-month
3178-FESZO,0.84769875,100.25,Month-to-month
0365-GXEZS,0.3752943,78.2,Month-to-month
0082-OQIQY,0.45427907,94.2,Month-to-month
6087-MVHJH,0.6131058,88.45,Month-to-month
4603-JANFB,0.8061156,69.85,Month-to-month
3018-TFTSU,0.35093135,81.7,Month-to-month
3606-SBKRY,0.23296975,50.05,One year
4806-KEXQR,0.6999796,79.9,Month-to-month
0667-NSRGI,0.080851,69.55,One year
7083-YNSKY,0.109647825,25.4,Month-to-month
6893-ODYYE,0.051017582,90.1,One year
8242-JSVBO,0.3109733,44.65,Month-to-month
2479-BRAMR,0.3104014,83.75,Month-to-month
9541-ZPSEA,0.017435662,80.35,Two year
2665-NPTGL,0.60560507,98.1,Month-to-month
1139-WUOAH,0.026304554,53.35,Two year
4693-VWVBO,0.19243263,19.55,Month-to-month
7434-SHXLS,0.2757495,20.9,Month-to-month
6937-GCDGQ,0.08383807,48.95,One year
0988-JRWWP,0.5519355,54.2,Month-to-month
5075-JSDKI,0.02125162,24.45,Two year
7908-QCBCA,0.6947428,69.4,Month-to-month
8644-XYTSV,0.19057252,40.15,Month-to-month
6711-FLDFB,0.63701665,74.9,Month-to-month
3873-WOSBC,0.009402804,25.6,Two year
7465-ZZRVX,0.8061156,70.35,Month-to-month
7975-JMZNT,0.019344877,91.7,Two year
7251-XFOIL,0.21194811,89.2,Month-to-month
4116-IQRFR,0.0616459,24.1,One year
3714-JTVOV,0.3133147,74.15,Month-to-month
8259-DZLIZ,0.056662645,53.85,One year
0442-ZXKVS,0.25157276,115.6,One year
7853-WNZSY,0.34111747,19.75,Month-to-month
3120-FAZKD,0.018466396,24.05,Two year
8606-OEGQZ,0.016188823,25.3,Two year
0225-ZORZP,0.6730104,84.3,Month-to-month
4702-IOQDC,0.83145255,70.1,Month-to-month
9489-JMTTN,0.015898759,89.75,Two year
0575-CUQOV,0.26309305,97.95,One year
0967-BMLBD,0.04636688,20.0,One year
6178-KFNHS,0.50947106,78.3,Month-to-month
2830-LEWOA,0.14092392,103.9,One year
5006-MXVRN,0.010045343,20.7,Two year
1264-BYWMS,0.48718852,96.8,Month-to-month
9658-WYUFB,0.5642881,94.4,Month-to-month
8327-WKMIE,0.02722197,20.15,One year
6917-FIJHC,0.013084627,26.0,Two year
5329-KRDTM,0.032454327,77.35,Two year
7797-EJMDP,0.14089464,66.05,Month-to-month
3530-VWVGU,0.06148416,19.9,Month-to-month
2013-SGDXK,0.77534455,84.3,Month-to-month
6368-NWMCE,0.1417121,68.15,Month-to-month
3633-CDBUW,0.11887598,80.85,One year
0707-HOVVN,0.034569614,75.5,Two year
8580-QVLOC,0.02293577,92.45,Two year
3956-MGXOG,0.4931227,80.6,Month-to-month
9274-UARKJ,0.4822284,83.2,Month-to-month
4077-HWUYD,0.016384255,87.55,Two year
2012-NWRPA,0.8089409,99.55,Month-to-month
8808-ELEHO,0.71797967,81.25,Month-to-month
0103-CSITQ,0.21970552,109.4,One year
3506-LCJDC,0.27352205,19.95,Month-to-month
8671-KKKOS,0.1879857,45.55,Month-to-month
7305-ZWMAJ,0.026059125,20.7,One year
9518-XXBXE,0.5016232,75.3,Month-to-month
3934-HXCFZ,0.55664086,99.25,Month-to-month
6578-KRMAW,0.3168583,93.4,Month-to-month
4860-IJUDE,0.40705872,73.75,Month-to-month
7666-WKRON,0.06688017,80.45,Two year
9688-YGXVR,0.27909148,88.15,Month-to-month
0423-UDIJQ,0.20828825,49.2,Month-to-month
1945-XISKS,0.0090734195,19.65,Two year
4910-AQFFX,0.5601501,79.35,Month-to-month
2154-KVJFF,0.63126034,79.75,Month-to-month
5360-LJCNJ,0.09956204,105.15,Two year
2607-FBDFF,0.441793,49.0,Month-to-month
9647-ERGBE,0.5607107,100.05,Month-to-month
3428-XZMAZ,0.8255648,69.35,Month-to-month
1100-DDVRV,0.36742693,49.8,Month-to-month
0378-TOVMS,0.5631218,85.8,Month-to-month
4355-HBJHH,0.03030973,79.7,Two year
6728-WYQBC,0.33217353,20.95,Month-to-month
9058-CBREO,0.60252357,50.55,Month-to-month
9029-FEGVJ,0.35030997,79.3,Month-to-month
7216-KAOID,0.032630105,19.5,One year
0318-QUUOB,0.8374185,80.55,Month-to-month
6145-NNPNO,0.4594792,44.15,Month-to-month
5520-FVEWJ,0.6136314,84.5,Month-to-month
5339-TJFEK,0.2882429,105.5,Month-to-month
5572-ZDXHY,0.34239754,84.3,Month-to-month
2074-GUHPQ,0.3971838,92.7,Month-to-month
4625-XMOYM,0.013885811,26.25,Two year
5827-MWCZK,0.27653992,96.95,Month-to-month
1385-TQOZW,0.14308721,20.45,Month-to-month
5914-XRFQB,0.06133156,115.8,Two year
4329-YPDDQ,0.41030753,108.2,Month-to-month
4804-NCPET,0.010349063,20.2,Two year
3750-CKVKH,0.6849868,67.75,Month-to-month
5944-UGLLK,0.11632637,54.9,One year
8063-GBATB,0.6106541,85.25,Month-to-month
7787-BNTZM,0.1152841,20.15,Month-to-month
2252-ISRNH,0.43597233,90.35,One year
9415-TPKRV,0.25185215,55.75,Month-to-month
5322-TEUJK,0.034881696,114.6,Two year
4547-KQRTM,0.5594483,80.05,Month-to-month
4877-EVATK,0.33977962,20.0,Month-to-month
1866-DIOQZ,0.056862008,66.8,One year
8375-KVTHK,0.21208851,100.3,One year
2697-NQBPF,0.5128291,105.35,Month-to-month
3709-OIJEA,0.1556072,85.2,One year
7639-SUPCW,0.17365092,48.8,Month-to-month
1386-ZIKUV,0.17136613,18.95,Month-to-month
0599-XNYDO,0.38556415,69.8,Month-to-month
6377-WHAOX,0.4990695,106.15,Month-to-month
6855-VLGOS,0.013644297,20.55,Two year
8999-XXGNS,0.22313645,105.75,One year
8746-OQQRW,0.17635901,25.25,Month-to-month
3181-MIZBN,0.098484226,19.75,Month-to-month
0471-ARVMX,0.2499509,104.85,One year
7766-CLTIC,0.18124767,60.95,Month-to-month
5650-YLIBA,0.5083097,81.15,Month-to-month
0825-CPPQH,0.008945353,19.1,Two year
9084-OAYKL,0.011079362,20.8,Two year
6122-LJADA,0.017238535,90.15,Two year
2400-XIWIO,0.041465994,90.1,Two year
7524-VRLPL,0.030428244,74.1,Two year
1069-XAIEM,0.8788179,85.05,Month-to-month
7569-NMZYQ,0.046568833,118.75,Two year
5201-USSQZ,0.2594121,85.9,Month-to-month
2105-PHWON,0.3674084,95.0,Month-to-month
1494-EJZDW,0.017746378,20.15,Two year
4884-TVUQF,0.06871094,101.3,Two year
8003-EWNDZ,0.17778003,21.2,Month-to-month
1897-RCFUM,0.03275536,24.2,One year
9256-JTBNZ,0.099890076,20.3,Month-to-month
4658-HCOHW,0.46458757,102.8,Month-to-month
2211-RMNHO,0.021549113,85.3,Two year
2432-TFSMK,0.2083746,89.6,One year
3440-JPSCL,0.6443538,99.95,Month-to-month
4929-ROART,0.14971595,56.25,Month-to-month
1834-ABKHQ,0.07812094,50.95,One year
1741-WTPON,0.080491394,115.85,Two year
3932-IJWDZ,0.36412007,103.65,Month-to-month
1240-HCBOH,0.014238058,26.1,Two year
3594-KADLU,0.38153076,35.1,Month-to-month
8065-BVEPF,0.3407085,99.1,Month-to-month
3796-ENZGF,0.017140739,67.25,Two year
1734-ZMNTZ,0.02035969,25.0,Two year
2853-CWQFQ,0.4630669,59.55,Month-to-month
0813-TAXXS,0.045504503,77.8,Two year
2519-TWKFS,0.06560506,55.1,One year
2889-FPWRM,0.16385952,117.8,One year
0626-QXNGV,0.012657659,24.15,Two year
6723-CEGQI,0.02551563,45.25,Two year
6987-XQSJT,0.40636334,79.5,Month-to-month
4732-RRJZC,0.12242672,20.25,Month-to-month
9499-XPZXM,0.01641998,64.75,Two year
4338-EYCER,0.16432191,54.6,Month-to-month
3007-FDPEA,0.29253572,20.7,Month-to-month
6350-XFYGW,0.7614505,94.75,Month-to-month
4290-BSXUX,0.62777424,79.65,Month-to-month
8513-OLYGY,0.044039153,115.8,Two year
0311-QYWSS,0.307492,49.45,Month-to-month
8705-DWKTI,0.28320336,83.8,Month-to-month
8755-IWJHN,0.27971846,95.35,Month-to-month
0325-XBFAC,0.7008673,94.7,Month-to-month
4480-QQRHC,0.5683063,74.05,Month-to-month
0929-PECLO,0.26308846,89.6,Month-to-month
3680-CTHUH,0.17678891,116.6,One year
1202-KKGFU,0.16264755,54.2,Month-to-month
6112-KTHFQ,0.12652892,19.3,Month-to-month
1852-XEMDW,0.111593686,65.05,Month-to-month
2462-XIIJB,0.74030256,92.5,Month-to-month
4760-XOHVN,0.27865195,19.45,Month-to-month
1820-DJFPH,0.012031155,24.05,Two year
9426-SXNHE,0.12622961,18.75,Month-to-month
9068-FHQHD,0.010589706,20.15,Two year
1269-FOYWN,0.029597428,20.0,One year
9470-YFUYI,0.040892255,71.0,One year
7817-BOQPW,0.7356113,75.55,Month-to-month
7402-EYFXX,0.6250803,93.6,Month-to-month
1853-UDXBW,0.81799793,70.0,Month-to-month
9895-VFOXH,0.46205258,24.4,Month-to-month
5458-CQJTA,0.016534077,74.8,Two year
1230-QAJDW,0.33971438,65.25,Month-to-month
5701-ZIKJE,0.21817872,50.55,Month-to-month
5219-YIPTK,0.5165463,104.4,Month-to-month
5032-MIYKT,0.7887116,70.7,Month-to-month
7396-VJUZB,0.3208307,45.25,Month-to-month
9717-QEBGU,0.66722363,70.3,Month-to-month
5172-RKOCB,0.06654389,108.95,Two year
6509-TSGWN,0.07930372,26.45,Month-to-month
3540-RZJYU,0.38384587,86.2,Month-to-month
3178-CIFOT,0.042760476,19.65,One year
2091-MJTFX,0.1554485,51.2,Month-to-month
4530-NDRKU,0.062930375,19.05,One year
5985-TBABQ,0.100689694,74.75,One year
9800-ONTFE,0.39539424,75.8,Month-to-month
6743-HHQPF,0.20300043,25.1,Month-to-month
8455-HIRAQ,0.19012563,44.45,Month-to-month
6616-AALSR,0.07416992,104.3,Two year
0883-EIBTI,0.22604617,19.5,Month-to-month
9415-ZNBSX,0.015051364,89.0,Two year
4018-KJYUY,0.052259002,20.15,Month-to-month
0722-TROQR,0.70050544,74.9,Month-to-month
7571-YXDAD,0.58083385,74.9,Month-to-month
3884-UEBXB,0.017415782,36.15,Two year
8780-RSYYU,0.090769604,19.2,Month-to-month
5537-UXXVS,0.08359215,19.25,Month-to-month
1791-PQHBB,0.38700846,61.2,Month-to-month
8701-DGLVH,0.013277879,20.45,Two year
8741-LQOBK,0.14760785,35.05,Month-to-month
3393-FMZPV,0.6351679,100.25,Month-to-month
8082-GHXOP,0.18193302,44.0,Month-to-month
6402-ZFPPI,0.51044357,102.8,Month-to-month
0980-FEXWF,0.061869577,50.35,One year
7486-KSRVI,0.275691,100.0,One year
3011-WQKSZ,0.11788879,20.0,Month-to-month
8443-WVPSS,0.601852,99.85,Month-to-month
3006-XIMLN,0.74997795,94.2,Month-to-month
8218-FFJDS,0.016758887,86.4,Two year
1986-PHGZF,0.22827059,58.4,Month-to-month
9965-YOKZB,0.7726434,83.85,Month-to-month
0504-HHAPI,0.4279185,88.3,Month-to-month
9360-OMDZZ,0.61239475,94.1,Month-to-month
6305-YLBMM,0.16464248,104.05,One year
0345-XMMUG,0.11727366,108.9,Two year
8024-XNAFQ,0.0698153,107.4,Two year
3647-GMGDH,0.43685478,94.7,Month-to-month
2988-GBIVW,0.22766395,90.85,Month-to-month
2832-SCUCO,0.20478168,19.9,Month-to-month
7036-ZZKBD,0.14386222,66.4,Month-to-month
3791-LGQCY,0.44185764,100.65,Month-to-month
0265-PSUAE,0.542639,100.7,Month-to-month
0463-TXOAK,0.013776822,25.6,Two year
0594-UFTUL,0.100169964,19.85,Month-to-month
9509-MPYOD,0.027321337,20.75,One year
9128-CPXKI,0.15584108,95.8,Two year
0129-KPTWJ,0.33519903,94.65,Month-to-month
8166-ZZTFS,0.031219594,80.55,Two year
5855-EIBDE,0.10104727,106.65,Two year
5365-LLFYV,0.48852327,45.85,Month-to-month
5956-YHHRX,0.6840892,104.35,Month-to-month
6008-NAIXK,0.27637142,55.45,One year
2956-GGUCQ,0.48014954,78.85,Month-to-month
1928-BXYIV,0.46104643,61.15,Month-to-month
5760-FXFVO,0.5443294,78.95,Month-to-month
6595-COKXZ,0.52577573,44.45,Month-to-month
0961-ZWLVI,0.2194585,109.2,One year
5181-OABFK,0.016030712,61.3,Two year
4007-NHVHI,0.32364097,96.85,Month-to-month
7816-VGHTO,0.055502977,40.55,Two year
5871-DGTXZ,0.028013868,19.8,One year
7550-WIQVA,0.28952447,108.25,One year
7544-ZVIKX,0.237383,105.05,One year
0016-QLJIS,0.015242093,90.45,Two year
7508-DQAKK,0.016977724,86.4,Two year
5176-OLSKT,0.014898551,66.9,Two year
9356-AXGMP,0.30833128,110.7,One year
3556-BVQGL,0.034662858,20.0,One year
0362-ZBZWJ,0.50884014,84.9,Month-to-month
8979-CAMGB,0.2497128,102.1,One year
4211-MMAZN,0.27982178,20.25,Month-to-month
7581-EBBOU,0.053316478,70.15,One year
4274-OWWYO,0.8104889,74.35,Month-to-month
5073-RZGBK,0.061627608,80.05,One year
1541-ETJZO,0.50176215,62.05,Month-to-month
2192-CKRLV,0.07147418,49.2,Two year
3154-HMWUU,0.01541088,20.5,Two year
6119-SPUDB,0.015775466,38.25,Two year
6522-OIQSX,0.034519877,54.95,Two year
7813-ZGGAW,0.4072608,96.6,Month-to-month
8748-HFWBO,0.027173322,19.9,One year
1052-QJIBV,0.008296344,19.9,Two year
1319-YLZJG,0.52317864,84.6,Month-to-month
4106-HADHQ,0.073598646,80.0,One year
0723-FDLAY,0.09372625,85.25,One year
3050-RLLXC,0.019959653,81.25,Two year
9298-WGMRW,0.053025667,115.5,Two year
2369-UAPKZ,0.6132296,104.1,Month-to-month
3088-LHEFH,0.43727648,79.0,Month-to-month
2778-OCLGR,0.24355301,39.1,Month-to-month
6583-KQJLK,0.68853235,94.65,Month-to-month
8544-JNBOX,0.009942429,20.8,Two year
6681-ZSEXG,0.019124439,59.5,Two year
6139-ZZRBQ,0.019902755,20.05,Two year
6116-RFVHN,0.5216231,100.45,Month-to-month
0637-KVDLV,0.7818911,76.5,Month-to-month
8884-FEEWR,0.026416505,20.6,One year
3125-RAHBV,0.022947956,20.3,One year
6633-MPWBS,0.43979046,49.2,Month-to-month
0373-AIVNJ,0.07200799,39.55,One year
8785-EPNCG,0.11095855,23.15,Month-to-month
1682-VCOIO,0.026598485,20.45,One year
5729-KLZAR,0.6014623,80.85,Month-to-month
2072-ZVJJX,0.011284338,25.25,Two year
8849-AYPTR,0.37225604,91.25,Month-to-month
9518-IMLHK,0.116867125,72.45,Month-to-month
1582-RAFML,0.46504912,60.1,Month-to-month
3646-ITDGM,0.013838968,19.7,Two year
8740-CRYFY,0.82712805,78.95,Month-to-month
3569-VLDHH,0.03866096,75.1,One year
8224-KDLKN,0.0087313615,25.0,Two year
7594-LZNWR,0.26850238,69.15,Month-to-month
4001-TSBTV,0.3463617,91.55,Month-to-month
2962-XPMCQ,0.5807491,45.15,Month-to-month
8727-XDPUD,0.029619468,35.8,Two year
1043-UXOVO,0.04431425,113.15,Two year
1064-FBXNK,0.14987905,19.85,One year
3996-ZNWYK,0.010485553,19.8,Two year
2878-DHMIN,0.034095872,19.9,One year
7762-ONLJY,0.053921066,19.7,One year
1678-FYZOW,0.7421182,79.4,Month-to-month
5795-BKOYE,0.031026501,59.1,One year
8627-EHGIP,0.16047867,53.95,One year
7402-PWYJJ,0.14829208,91.15,One year
5480-TBGPH,0.4995524,99.3,Month-to-month
0018-NYROU,0.66289663,68.95,Month-to-month
7501-VTYLJ,0.36038166,51.55,Month-to-month
7608-RGIRO,0.013351819,24.4,Two year
0480-BIXDE,0.5992067,96.8,Month-to-month
5895-QSXOD,0.39960152,70.05,Month-to-month
9814-AOUDH,0.011396507,19.5,Two year
6175-IRFIT,0.47621775,78.75,Month-to-month
8760-ZRHKE,0.051620632,69.2,One year
1622-HSHSF,0.39123327,19.55,Month-to-month
8854-CCVSQ,0.53601676,80.65,Month-to-month
6749-UTDVX,0.17292146,103.65,Two year
5542-DHSXL,0.22049396,54.7,Month-to-month
9102-OXKFY,0.024732746,54.15,Two year
0511-JTEOY,0.7058115,71.1,Month-to-month
5216-WASFJ,0.613556,84.85,Month-to-month
7808-DVWEP,0.18059921,20.0,Month-to-month
7067-KSAZT,0.2925782,106.25,One year
2284-VFLKH,0.2127197,99.25,One year
0366-NQSHS,0.19959484,19.35,Month-to-month
6532-YLWSI,0.026405592,20.8,One year
3807-BPOMJ,0.17861961,94.75,One year
3892-NXAZG,0.050484896,114.05,Two year
4948-WBBKL,0.4398538,74.9,Month-to-month
4182-BGSIQ,0.14746013,19.8,Month-to-month
9300-AGZNL,0.88966703,94.0,Month-to-month
0988-AADSA,0.015212019,80.85,Two year
9972-NKTFD,0.10816784,54.65,Month-to-month
3717-LNXKW,0.24207558,91.7,Month-to-month
5734-EJKXG,0.2014696,118.6,One year
2207-RYYRL,0.010056948,24.55,Two year
6729-FZWSY,0.03009485,19.45,One year
9695-IDRZR,0.097092636,116.15,Two year
8144-DGHXP,0.033995815,80.6,Two year
7814-LEEVE,0.37622643,20.3,Month-to-month
1112-CUNAO,0.5468659,89.85,Month-to-month
5175-AOBHI,0.37586325,46.0,Month-to-month
5174-RNGBH,0.16380863,66.25,Month-to-month
8631-WUXGY,0.4454363,99.8,Month-to-month
7270-BDIOA,0.4918763,90.0,Month-to-month
9565-JSNFM,0.09565278,70.45,One year
5906-DVAPM,0.055608094,75.0,One year
6654-QGBZZ,0.34567857,19.9,Month-to-month
8348-JLBUG,0.05219993,80.3,One year
0607-DAAHE,0.013035867,19.75,Two year
5641-DMBFJ,0.0393473,84.3,Two year
9200-NLNPD,0.1429274,54.05,One year
2664-XJZNO,0.061612297,104.9,Two year
9732-KPKBW,0.4899841,53.95,Month-to-month
3339-EAQNV,0.18855757,97.25,One year
0921-OHLVP,0.40436864,83.05,Month-to-month
3389-YGYAI,0.80103374,105.5,Month-to-month
9560-ARGQJ,0.54026663,81.0,Month-to-month
8350-NYMVI,0.11514065,41.1,Month-to-month
1600-DILPE,0.2270882,45.0,Month-to-month
0536-ESJEP,0.021564296,74.55,Two year
4654-GGUII,0.06645454,40.2,One year
6478-HRRCZ,0.055339374,70.5,One year
8510-BBWMU,0.03307344,19.75,One year
6857-TKDJV,0.0087313615,24.65,Two year
2360-RDGRO,0.40228263,104.25,Month-to-month
0584-BJQGZ,0.12696446,78.35,Month-to-month
5134-IKDAY,0.8334918,69.8,Month-to-month
1360-XFJMR,0.1892123,109.7,One year
3070-DVEYC,0.48394346,73.75,Month-to-month
5730-RIITO,0.24843034,33.45,Month-to-month
9058-MJLZC,0.49299595,94.6,Month-to-month
5707-ORNDZ,0.2338014,54.55,Month-to-month
0902-XKXPN,0.009260494,20.2,Two year
5177-RVZNU,0.028557232,20.3,One year
0056-EPFBG,0.031055786,39.4,Two year
8993-IZEUX,0.3883462,69.15,Month-to-month
8696-JKZNU,0.5377397,76.25,Month-to-month
5380-AFSSK,0.72423667,93.9,Month-to-month
8190-ZTQFB,0.22728427,51.35,One year
0931-MHTEM,0.21416456,100.05,One year
2055-PDADH,0.6871387,70.4,Month-to-month
7515-LODFU,0.012377121,20.3,Two year
0440-UEDAI,0.08626469,94.45,One year
1337-BOZWO,0.08658454,46.4,One year
0868-VJRDR,0.06496977,104.05,Two year
8714-EUHJO,0.5044614,91.15,Month-to-month
6344-SFJVH,0.15275654,24.9,Month-to-month
3950-VPYJB,0.04048259,59.6,One year
8041-TMEID,0.079784095,108.5,Two year
7321-ZNSLA,0.018833302,40.55,Two year
6941-KXRRV,0.1374809,58.95,One year
3721-CNEYS,0.655043,70.95,Month-to-month
8727-JQFHV,0.011741236,20.75,Two year
9475-NNDGC,0.19482036,113.15,One year
1355-KUSBG,0.2851802,48.8,Month-to-month
3688-FTHLT,0.28415394,63.05,Month-to-month
0899-LIIBW,0.435734,100.85,Month-to-month
2568-OIADY,0.53299105,99.5,Month-to-month
1384-RCUXW,0.5089519,80.55,Month-to-month
5825-XJOCM,0.06550917,64.4,One year
6848-YLDFR,0.06880869,75.2,One year
8125-QPFJD,0.020761855,84.9,Two year
2320-YKQBO,0.107925825,19.3,Month-to-month
1193-RTSLK,0.21968576,83.9,Month-to-month
2302-ANTDP,0.33468854,117.45,Month-to-month
5923-GXUOC,0.66103303,104.4,Month-to-month
4973-RLZVI,0.049000625,74.65,One year
7869-ZYDST,0.22185905,59.05,Month-to-month
4501-UYKBC,0.1200544,69.1,One year
1215-EXRMO,0.011478396,20.55,Two year
2305-MRGLV,0.2659536,76.55,Month-to-month
8404-VIOMB,0.02110148,62.5,Two year
5233-GEEAX,0.50616735,29.4,Month-to-month
2359-KLTEK,0.3500764,94.9,Month-to-month
5304-EFJLP,0.054502603,111.65,Two year
2673-ZALNP,0.04968181,19.9,One year
9184-GALIL,0.0631325,20.45,Month-to-month
4393-RYCRE,0.28886998,106.05,One year
9746-MDMBK,0.16813019,113.45,One year
3162-ZJZFU,0.22345033,92.55,Month-to-month
8404-GFGCZ,0.43670106,65.6,Month-to-month
8875-AKBYH,0.6317546,84.35,Month-to-month
4432-ADRLB,0.5092185,44.65,Month-to-month
0533-UCAAU,0.08012517,71.1,One year
1394-SUIUH,0.21395952,85.15,Month-to-month
3521-MNKLV,0.22113776,49.7,Month-to-month
2533-TIBIX,0.19909054,30.2,Month-to-month
8993-PHFWD,0.47287884,25.25,Month-to-month
1565-RHDJD,0.5442532,84.05,Month-to-month
7137-RYLPP,0.5524864,85.7,Month-to-month
3765-JXVKY,0.841847,74.7,Month-to-month
5092-STPKP,0.1009952,56.35,Month-to-month
7330-WZLNC,0.72347957,90.8,Month-to-month
0114-PEGZZ,0.4724215,107.55,Month-to-month
3359-DSRKA,0.013026392,19.85,Two year
8639-NHQEI,0.046183184,95.9,Two year
7161-DFHUF,0.008534988,23.85,Two year
3957-LXOLK,0.60267085,106.15,Month-to-month
3720-DBRWL,0.021534294,83.85,Two year
6635-MYYYZ,0.08822736,85.35,One year
8565-WUXZU,0.017988708,84.8,Two year
5281-BUZGT,0.4396557,90.85,Month-to-month
4994-OBRSZ,0.028197315,76.1,Two year
0562-FGDCR,0.01707047,74.55,Two year
2436-QBZFP,0.18474919,39.2,Month-to-month
3420-YJLQT,0.7209123,79.55,Month-to-month
6040-CGACY,0.09860834,19.6,Month-to-month
6582-PLFUU,0.014455547,19.55,Two year
8242-PDSGJ,0.015500234,39.15,Two year
0264-CNITK,0.009278751,20.1,Two year
0089-IIQKO,0.35229355,99.95,Month-to-month
7839-NUIAA,0.09147995,59.8,Month-to-month
6075-QMNRR,0.13488168,49.75,Month-to-month
5378-IKEEG,0.7261681,35.75,Month-to-month
5966-EMAZU,0.19365329,108.5,One year
0440-EKDCF,0.018164413,60.15,Two year
4774-HHGGS,0.013725908,19.05,Two year
2718-GAXQD,0.48119694,46.0,Month-to-month
2055-BFOCC,0.077286586,84.0,One year
8180-AKMJV,0.5317514,44.55,Month-to-month
4298-OYIFC,0.7010947,103.45,Month-to-month
5566-SOEZD,0.123691134,80.65,One year
9842-EFSYY,0.32087302,57.2,Month-to-month
2272-WUSPA,0.07663748,110.75,Two year
4584-LBNMK,0.04009877,24.7,One year
3898-GUYTS,0.37300718,97.05,Month-to-month
0930-EHUZA,0.07739755,76.35,One year
6413-XKKPU,0.4371985,89.4,Month-to-month
9975-SKRNR,0.29579377,18.9,Month-to-month
3703-KBKZP,0.53998494,74.45,Month-to-month
1449-XQEMT,0.18631293,19.8,Month-to-month
2626-URJFX,0.5022908,50.9,Month-to-month
4973-MGTON,0.015206983,84.4,Two year
3682-YEUWS,0.14791405,24.4,Month-to-month
1223-UNPKS,0.013767632,20.05,Two year
2612-RRIDN,0.68151885,81.0,Month-to-month
4735-ASGMA,0.6511135,98.35,Month-to-month
3446-QDSZF,0.3488177,55.5,Month-to-month
3669-LVWZB,0.43327063,51.0,Month-to-month
6892-EZDTG,0.72347957,91.65,Month-to-month
5117-IFGPS,0.6080971,84.3,Month-to-month
7379-FNIUJ,0.69456077,100.2,Month-to-month
1627-AFWVJ,0.01308797,19.4,Two year
9725-SCPZG,0.8594458,90.85,Month-to-month
5884-GCYMI,0.6782212,69.4,Month-to-month
3217-FZDMN,0.67817616,94.45,Month-to-month
4486-EFAEB,0.15048674,20.4,Month-to-month
0060-FUALY,0.33885694,94.75,Month-to-month
7853-GVUDZ,0.3102203,20.15,Month-to-month
7480-QNVZJ,0.5143925,95.7,Month-to-month
6954-OOYZZ,0.22265866,44.35,Month-to-month
7088-FBAWU,0.16382864,74.55,Month-to-month
8313-AFGBW,0.0447062,73.6,Two year
3943-KDREE,0.38566276,74.95,Month-to-month
9239-ZBZZV,0.46905,47.95,Month-to-month
3097-IDVPU,0.1787139,50.1,Month-to-month
4398-HSCJH,0.5282443,63.6,Month-to-month
2197-OMWGI,0.052788813,53.0,Two year
2303-PJYHN,0.15684398,19.85,Month-to-month
9795-VOWON,0.18911728,24.35,One year
1237-WIYYZ,0.103450455,19.55,Month-to-month
1987-AUELQ,0.009050148,25.05,Two year
7852-LECYP,0.55883974,93.8,Month-to-month
4430-UZIPO,0.33221892,36.85,Month-to-month
4822-LPTYJ,0.118411675,103.75,Two year
8165-CBKXO,0.034449276,56.75,Two year
6527-PZFPV,0.029347852,20.8,One year
4855-SNKMY,0.6553872,44.1,Month-to-month
9593-CVZKR,0.014406717,24.45,Two year
8595-SIZNC,0.039553892,25.6,One year
8008-HAWED,0.35577625,50.75,Month-to-month
7124-UGSUR,0.22322747,104.4,One year
1862-SKORY,0.3520257,39.3,Month-to-month
5236-XMZJY,0.12449711,59.65,Month-to-month
4827-DPADN,0.016467959,83.3,Two year
2694-CIUMO,0.5204752,79.55,Month-to-month
5846-ABOBJ,0.010522536,24.45,Two year
1439-LCGVL,0.027144017,19.2,One year
0909-SDHNU,0.25841284,29.8,Month-to-month
4647-XXZAM,0.25624183,45.5,Month-to-month
1502-XFCVR,0.2354014,106.45,One year
7740-KKCXF,0.21025829,30.05,Month-to-month
5360-XGYAZ,0.015689313,65.65,Two year
9692-TUSXH,0.5537915,96.05,Month-to-month
7912-SYRQT,0.51368517,75.1,Month-to-month
3557-HTYWR,0.01959264,74.05,Two year
4816-JBHOV,0.67509854,44.7,Month-to-month
8920-NAVAY,0.20042287,110.75,One year
1699-TLDLZ,0.018251099,19.7,Two year
5600-PDUJF,0.23569721,49.5,Month-to-month
8292-TYSPY,0.17085424,55.0,Month-to-month
0567-XRHCU,0.02553474,43.95,Two year
1867-BDVFH,0.6460233,74.35,Month-to-month
2067-QYTCF,0.35734996,111.15,Month-to-month
2359-QWQUL,0.15301558,104.7,One year
9103-TCIHJ,0.19282977,55.7,Month-to-month
7407-SUJIZ,0.051847626,20.6,Month-to-month
9150-KPBJQ,0.019862115,19.65,Two year
0052-DCKON,0.17769885,115.8,One year
3654-ARMGP,0.021944704,88.65,Two year
9699-UBQFS,0.39620566,94.5,Month-to-month
9367-TCUYN,0.11592179,20.1,Month-to-month
1261-FWTTE,0.4383449,34.65,Month-to-month
3528-HFRIQ,0.22204387,52.3,Month-to-month
0708-SJDIS,0.14370671,65.0,Month-to-month
4140-WJAWW,0.09955059,19.85,Month-to-month
2073-QBVBI,0.06016474,35.45,One year
6928-ONTRW,0.009223975,19.7,Two year
3320-VEOYC,0.75502706,95.6,Month-to-month
5231-FIQPA,0.014554902,19.85,Two year
6617-WLBQC,0.08511472,81.85,One year
2599-CIPQE,0.076139234,109.3,Two year
6653-CBBOM,0.83145255,70.3,Month-to-month
8774-GSBUN,0.0102726305,25.4,Two year
7326-RIGQZ,0.61075515,69.8,Month-to-month
1401-FTHFQ,0.029907644,20.0,One year
3247-ZVOUO,0.6281228,85.55,Month-to-month
0254-FNMCI,0.07041058,109.9,Two year
1848-LBZHY,0.23726837,50.3,Month-to-month
6101-IMRMM,0.5181773,94.5,Month-to-month
8118-TJAFG,0.66242427,101.5,Month-to-month
5429-LWCMV,0.68759936,89.15,Month-to-month
7298-IZWLY,0.4274802,19.4,Month-to-month
9758-MFWGD,0.0996958,29.9,One year
3955-JBZZM,0.38424832,78.8,Month-to-month
1268-ASBGA,0.5196002,85.35,Month-to-month
8943-URTMR,0.61128163,79.65,Month-to-month
4815-TUMEQ,0.06679475,19.3,One year
4713-LZDRV,0.7829605,79.6,Month-to-month
9909-IDLEK,0.32968923,96.8,Month-to-month
4092-OFQZS,0.027601622,20.65,One year
1561-BWHIN,0.024357999,19.8,One year
4325-NFSKC,0.5348757,90.6,Month-to-month
9927-DSWDF,0.48517126,104.6,Month-to-month
9500-LTVBP,0.28751838,80.05,Month-to-month
7252-NTGSS,0.51065606,45.15,Month-to-month
8149-AIQCG,0.34886688,73.15,Month-to-month
1360-JYXKQ,0.29276916,99.1,One year
2955-PSXOE,0.37334245,20.2,Month-to-month
7762-URZQH,0.09225748,106.05,Two year
0899-WZRSD,0.2998836,105.35,Month-to-month
3255-GRXMG,0.19737424,45.65,Month-to-month
4828-FAZPK,0.492144,79.95,Month-to-month
6094-ZIVKX,0.03943402,54.45,One year
6925-BAYGL,0.021894706,25.1,Two year
3262-EIDHV,0.017225025,84.7,Two year
7354-OIJLX,0.6430586,75.85,Month-to-month
1376-HHBDV,0.14022402,48.8,Month-to-month
6907-NZZIJ,0.5124226,99.15,Month-to-month
6133-OZILE,0.27768818,35.2,Month-to-month
4135-FRWKJ,0.09073262,76.25,One year
2911-UREFD,0.1782328,55.9,Month-to-month
3744-ZRRDZ,0.50525475,82.35,Month-to-month
5673-TIYIB,0.37923783,40.4,Month-to-month
6551-ZCOTS,0.052701138,24.9,One year
7191-ADRGF,0.03047387,54.3,Two year
5018-LXQQG,0.09985521,66.3,Month-to-month
6892-BOGQE,0.01231406,20.9,Two year
1602-IJQQE,0.62720776,75.35,Month-to-month
4628-WQCQQ,0.24457076,85.15,One year
1746-TGTWV,0.7444958,75.35,Month-to-month
5995-SNNEW,0.6441042,104.45,Month-to-month
8050-WYBND,0.19278815,49.45,One year
2821-WARNZ,0.030310787,19.45,One year
4879-GZLFH,0.36984515,92.15,Month-to-month
1644-IRKSF,0.2739431,93.8,One year
8314-HTWVE,0.022108288,19.85,Two year
9402-ROUMJ,0.109718494,100.25,One year
2507-QZPQS,0.52506065,95.7,Month-to-month
7159-NOKYQ,0.12641068,93.15,Two year
5707-ZMDJP,0.018337315,69.7,Two year
8779-YIQQA,0.03341659,19.8,One year
7136-IHZJA,0.13668948,71.35,Month-to-month
8966-OIQHG,0.023382701,20.75,One year
7074-STDCN,0.24054573,40.6,Month-to-month
3705-PSNGL,0.052580696,20.4,One year
8739-QOTTN,0.14830938,20.35,Month-to-month
1399-OUPJN,0.011796094,19.75,Two year
0277-BKSQP,0.3169796,54.4,Month-to-month
6502-HCJTI,0.61396116,94.7,Month-to-month
2606-RMDHZ,0.3681993,30.5,Month-to-month
5774-XZTQC,0.09860662,20.45,Month-to-month
2676-SSLTO,0.029572105,66.15,Two year
6266-QHOJZ,0.057617188,89.85,One year
7269-JISCY,0.061276246,45.05,One year
0363-SVHYR,0.018375438,86.85,Two year
8547-NSBBO,0.23104592,96.75,Month-to-month
8258-GSTJK,0.7680548,77.0,Month-to-month
6861-OKBCE,0.09224334,20.1,Month-to-month
9940-RHLFB,0.75901157,75.3,Month-to-month
6591-QGOYB,0.3941918,106.65,Month-to-month
9070-BCKQP,0.055515066,110.15,Two year
6421-SZVEM,0.14190705,82.85,One year
1328-EUZHC,0.01372935,20.1,Two year
2995-UPRYS,0.21063496,99.2,One year
8878-RYUKI,0.25002068,59.45,Month-to-month
9633-DENPU,0.19515467,58.6,Month-to-month
7811-JIVPF,0.16919681,49.7,Month-to-month
7113-HIPFI,0.013441583,65.85,Two year
8541-QVFKM,0.6718838,73.5,Month-to-month
6686-YPGHK,0.24262312,85.5,Month-to-month
1383-EZRWL,0.11760271,20.05,Month-to-month
9258-CNWAC,0.045155242,113.65,Two year
5371-VYLSX,0.3657572,83.4,Month-to-month
6374-AFWOX,0.018523993,65.65,Two year
4759-TRPLW,0.7412215,70.4,Month-to-month
5317-FLPJF,0.017261112,61.35,Two year
7621-VPNET,0.26675037,85.9,Month-to-month
6034-YMTOB,0.47211245,75.65,Month-to-month
8563-IIOXK,0.11883911,49.75,One year
4903-CNOZC,0.09351215,70.9,One year
4353-HYOJD,0.13753866,49.85,Month-to-month
8020-BWHYL,0.5224729,75.3,Month-to-month
7267-FRMJW,0.011516164,20.1,Two year
2982-VPSGI,0.76163983,94.0,Month-to-month
4188-FRABG,0.32390457,103.05,Month-to-month
8199-ZLLSA,0.15564337,118.35,One year
4128-ETESU,0.5159435,99.7,Month-to-month
0620-DLSLK,0.54633886,81.9,Month-to-month
4625-EWPTF,0.38866225,30.45,Month-to-month
5980-NOPLP,0.5118794,96.1,Month-to-month
3850-OKINF,0.06699008,66.2,One year
6892-XPFPU,0.63151926,104.25,Month-to-month
8010-EZLOU,0.6364429,80.2,Month-to-month
1156-ZFYDO,0.35479712,19.75,Month-to-month
3295-YVUSR,0.6628931,72.6,Month-to-month
8016-NCFVO,0.35190496,116.5,Month-to-month
4119-ZYPZY,0.15829782,106.8,Two year
5549-ZGHFB,0.013456332,24.95,Two year
7577-SWIFR,0.8508931,89.25,Month-to-month
0303-WMMRN,0.20921814,19.25,Month-to-month
6408-OTUBZ,0.1123407,104.55,One year
5204-HMGYF,0.077201225,87.2,One year
1078-TDCRN,0.79326284,30.75,Month-to-month
3727-OVPRY,0.03275861,25.7,One year
3797-FKOGQ,0.60391414,86.2,Month-to-month
7622-NXQZR,0.16201523,30.1,Month-to-month
6196-HBOBZ,0.10962646,99.35,Two year
3970-XGJDU,0.013492429,19.2,Two year
7017-VFULY,0.18032752,20.1,Month-to-month
5562-YJQGT,0.1895083,20.35,Month-to-month
8807-OPMBM,0.015993133,25.65,Two year
5439-WIKXB,0.44466925,94.55,Month-to-month
9874-QLCLH,0.5622327,104.2,Month-to-month
8294-UIMBA,0.2303626,94.4,One year
8109-YUOHE,0.06377897,56.1,One year
5840-NVDCG,0.021644566,68.25,Two year
8092-NLTGF,0.011275213,24.75,Two year
5928-QLDHB,0.6430586,76.25,Month-to-month
9840-EFJQB,0.76313543,74.35,Month-to-month
0696-UKTOX,0.1249694,54.15,Month-to-month
4801-KFYKL,0.108072065,19.45,Month-to-month
3472-OAOOR,0.19290628,34.95,Month-to-month
6135-OZQVA,0.2831018,53.65,Month-to-month
8062-YBDOE,0.81860036,69.65,Month-to-month
2252-JHJGE,0.2854355,104.0,One year
4188-PCPIG,0.019884324,70.35,Two year
6000-APYLU,0.6303086,80.8,Month-to-month
7105-BENQF,0.09807216,64.85,One year
7721-DVEKZ,0.2994265,19.65,Month-to-month
3566-VVORZ,0.19437663,45.9,Month-to-month
9507-HSMMZ,0.014582565,20.0,Two year
2480-SQIOB,0.44804507,44.8,Month-to-month
0947-IDHRQ,0.55296224,80.3,Month-to-month
7813-TKCVO,0.024986796,20.35,One year
0128-MKWSG,0.13608494,45.8,Month-to-month
3672-YITQD,0.54592824,84.1,Month-to-month
4350-ZTLPI,0.21970552,108.95,One year
9048-JVYVF,0.501035,69.35,Month-to-month
0361-HJRDX,0.014283578,64.35,Two year
5727-MYATE,0.015590964,90.8,Two year
3823-KYNQY,0.0498238,24.95,One year
8988-ECPJR,0.3657658,79.6,Month-to-month
7570-WELNY,0.023439545,84.7,Two year
3021-VLNRJ,0.059116635,70.8,One year
3776-EKTKM,0.8079253,36.45,Month-to-month
2080-CAZNM,0.55043185,104.4,Month-to-month
1028-FFNJK,0.55632186,101.5,Month-to-month
6907-FLBER,0.59826195,54.3,Month-to-month
3001-UNBTL,0.6135852,103.95,Month-to-month
5982-PSMKW,0.02660893,91.1,Two year
3507-GASNP,0.009890272,19.95,Two year
7096-ZNBZI,0.009763344,26.45,Two year
1902-XBTFB,0.45949405,89.4,Month-to-month
1676-MQAOA,0.015354373,75.1,Two year
0786-IVLAW,0.23185858,108.1,One year
7566-DSRLQ,0.07591981,110.15,Two year
0643-OKLRP,0.27042413,80.35,Month-to-month
7245-JMTTQ,0.26921022,111.5,One year
6050-IJRHS,0.25838444,106.5,One year
6202-JVYEU,0.102288134,19.9,One year
8591-TKMZH,0.07565828,111.1,Two year
0734-OXWBT,0.39463693,70.7,Month-to-month
4282-ACRXS,0.39970934,24.85,Month-to-month
0365-TRTPY,0.1534136,91.2,Month-to-month
7349-ALMUX,0.018646318,65.6,Two year
9381-NDKME,0.3129715,40.65,Month-to-month
6502-KUGLL,0.13158767,59.45,Month-to-month
1841-YSJGV,0.07291499,109.95,Two year
2794-XIMMO,0.13407056,60.45,One year
8382-SHQEH,0.67605066,84.9,Month-to-month
3511-BFTJW,0.018666895,38.5,Two year
7668-XCFYV,0.67457354,92.55,Month-to-month
2983-ZANRP,0.6310114,73.55,Month-to-month
7845-URHJN,0.12557255,20.15,Month-to-month
3034-ZBEQN,0.058335297,34.7,One year
5018-HEKFO,0.12651351,24.5,Month-to-month
2923-ARZLG,0.14129323,19.7,One year
3976-NLDEZ,0.29123053,20.6,Month-to-month
2282-YGNOR,0.047757845,58.0,One year
5336-UFNZP,0.27023783,107.45,One year
6854-EXGSF,0.2028713,65.5,Month-to-month
1241-EZFMJ,0.010995697,25.45,Two year
9233-PSYHO,0.3111953,100.15,One year
5376-PCKNB,0.18770368,104.45,One year
8044-BGWPI,0.124918275,21.15,Month-to-month
4060-LDNLU,0.7030566,96.2,Month-to-month
3589-PPVKW,0.300529,44.4,Month-to-month
8327-LZKAS,0.35350654,107.55,One year
5887-IKKYO,0.053651113,94.35,Two year
1075-BGWOH,0.6572941,98.75,Month-to-month
1755-RMCXH,0.20856343,20.3,Month-to-month
0302-JOIVN,0.582999,101.15,Month-to-month
3858-XHYJO,0.20963654,105.75,One year
4299-SIMNS,0.57044,81.15,Month-to-month
7025-IWFHT,0.1647184,89.55,One year
6261-LHRTG,0.16059318,54.75,Month-to-month
7841-FCRQD,0.066558614,53.75,One year
2056-EVGZL,0.16193262,105.75,One year
8777-MBMTS,0.09302173,105.85,Two year
7753-USQYQ,0.09300031,64.2,One year
5366-IJEQJ,0.5588673,88.7,Month-to-month
7661-CPURM,0.17581259,87.7,One year
6233-HXJMX,0.2857574,89.3,Month-to-month
5902-WBLSE,0.012080548,20.15,Two year
1981-INRFU,0.756541,79.75,Month-to-month
4971-PUYQO,0.5093911,94.55,Month-to-month
3239-TPHPZ,0.038420238,20.05,Two year
5115-GZDEL,0.018036805,67.2,Two year
3338-CVVEH,0.6562954,94.55,Month-to-month
8485-GJCDN,0.530325,69.05,Month-to-month
2615-YVMYX,0.3625294,107.5,Month-to-month
2851-STERV,0.14752527,73.0,One year
4393-GEADV,0.045530397,114.75,Two year
8486-AYEQH,0.49488375,76.05,Month-to-month
1527-SXDPN,0.05512408,96.25,Two year
6029-WTIPC,0.5578337,101.1,Month-to-month
8634-CILSZ,0.19802165,104.7,One year
5419-JKZNQ,0.34064168,77.9,Month-to-month
2495-KZNFB,0.47053152,90.65,Month-to-month
1409-PHXTF,0.19546513,110.45,Two year
4560-WQAQW,0.06462417,68.7,One year
9591-YVTEB,0.2740159,44.85,Month-to-month
9309-BZGNT,0.063937016,29.8,One year
4274-DRSQT,0.078577004,88.9,One year
2027-DNKIV,0.054705385,58.75,One year
8075-GXIUB,0.0539275,19.85,One year
2885-HIJDH,0.020081544,86.9,Two year
5424-RLQLC,0.26275048,59.65,Month-to-month
6682-QJDGB,0.124923125,55.25,Month-to-month
6507-DTJZV,0.21929029,66.4,Month-to-month
8780-IXSTS,0.70497555,90.1,Month-to-month
7673-BQGKU,0.008780859,20.15,Two year
6723-WSNTY,0.18878083,108.1,One year
9530-EHPOH,0.22186173,53.75,Month-to-month
2725-IWWBA,0.041161254,56.9,One year
0345-HKJVM,0.5869081,89.3,Month-to-month
1061-PNTHC,0.31574073,109.6,Month-to-month
0394-YONDK,0.010420231,25.15,Two year
6574-MCOEH,0.14623447,79.15,One year
7399-QHBJS,0.015165017,66.75,Two year
3049-SOLAY,0.81289256,95.2,Month-to-month
0997-YTLNY,0.12218155,48.8,Month-to-month
3317-HRTNN,0.61717343,45.7,Month-to-month
9479-HYNYL,0.023725932,80.7,Two year
3235-ETOOB,0.466531,74.5,Month-to-month
9708-KFDBY,0.23712921,20.55,Month-to-month
8058-INTPH,0.86106217,79.65,Month-to-month
3642-GKTCT,0.13620757,115.1,One year
0774-RMNUW,0.01963519,59.7,Two year
1334-PDUKM,0.079156175,86.45,One year
0756-MPZRL,0.044710588,33.7,One year
2242-MFOTG,0.0688132,80.1,One year
2927-CVULT,0.07767001,104.05,Two year
2144-BFDSO,0.37016898,108.75,Month-to-month
8745-PVESG,0.06394565,41.1,One year
7647-GYYKX,0.015520404,20.35,Two year
5647-FXOTP,0.50337523,105.9,Month-to-month
5569-OUICF,0.49782297,101.3,Month-to-month
8821-XNHVZ,0.7687912,80.05,Month-to-month
2082-OJVTK,0.50602305,89.2,Month-to-month
9700-ISPUP,0.23134547,65.5,Month-to-month
9839-ETQOE,0.20169659,40.45,Month-to-month
6078-VESFR,0.4187377,70.45,Month-to-month
9027-TMATR,0.055433013,78.8,Two year
5940-NFXKV,0.6065594,83.65,Month-to-month
1941-HOSAM,0.85011,90.1,Month-to-month
9110-HSGTV,0.018285722,82.45,Two year
0704-VCUMB,0.009814997,20.25,Two year
6171-ZTVYB,0.09512944,66.25,Month-to-month
8053-WWDRO,0.11848718,19.5,Month-to-month
9564-KCLHR,0.4336522,51.25,Month-to-month
1935-IMVBB,0.26692128,89.7,Month-to-month
2535-PBCGC,0.017816752,64.55,Two year
2082-CEFLT,0.66054755,45.6,Month-to-month
1470-PSXNM,0.18861938,93.65,One year
1213-NGCUN,0.29970008,49.65,Month-to-month
2498-XLDZR,0.019280247,73.6,Two year
9866-OCCKE,0.057825726,109.75,Two year
5338-YHWYT,0.015840491,61.45,Two year
7718-UPSKJ,0.13123024,106.4,One year
8731-WBBMB,0.15328486,81.9,Month-to-month
1448-CYWKC,0.26936832,105.2,One year
7901-IIDQV,0.067825705,54.6,One year
2690-DVRVK,0.06643258,20.55,One year
5688-KZTSN,0.11544311,20.0,Month-to-month
1270-XKUCC,0.012469009,19.7,Two year
0334-ZFJSR,0.04445472,66.05,One year
2894-QOJRX,0.30818665,34.0,Month-to-month
5747-PMBSQ,0.46633762,92.5,Month-to-month
5583-EJXRD,0.026489945,54.05,Two year
4565-EVZMJ,0.054106798,58.9,One year
3143-JQEGI,0.5335951,88.35,Month-to-month
6386-SZZKH,0.13600121,107.95,Two year
3327-YBAKM,0.11022472,96.9,One year
9441-QHEVC,0.28591722,19.1,Month-to-month
6705-LNMDD,0.12714519,50.0,Month-to-month
2580-ASVVY,0.04093998,45.4,Two year
3370-GQEAL,0.47589767,85.45,Month-to-month
5032-USPKF,0.10198902,84.1,One year
2982-IHMFT,0.762112,74.45,Month-to-month
3521-SYVOR,0.26789042,64.75,Month-to-month
4254-QPEDE,0.028489575,66.25,Two year
6283-GITPX,0.0140322745,76.9,Two year
9526-JAWYF,0.349864,89.8,Month-to-month
0771-CHWSK,0.024799082,74.6,Two year
9788-HNGUT,0.06250987,116.95,Two year
9495-REDIY,0.09260228,40.65,One year
5375-XLDOF,0.07594209,114.35,Two year
1172-VIYBP,0.020524563,69.7,Two year
5649-VUKMC,0.34212455,95.5,One year
6559-PDZLR,0.5795733,98.65,Month-to-month
8992-OBVDG,0.12030707,61.65,Month-to-month
4273-MBHYA,0.8426838,89.35,Month-to-month
4724-WXVWF,0.3448608,95.4,Month-to-month
5701-GUXDC,0.060791947,35.4,One year
1460-UZPRJ,0.0112213,19.95,Two year
6082-GLJIX,0.0825328,19.25,Month-to-month
5143-EGQFK,0.37697962,29.65,Month-to-month
4919-IKATY,0.5928054,84.5,Month-to-month
2495-TTHBQ,0.061309163,20.4,One year
0485-ZBSLN,0.01035214,24.75,Two year
3810-PJUHR,0.008632144,25.35,Two year
9050-QLROH,0.38040867,90.7,Month-to-month
0847-HGRML,0.008232594,20.0,Two year
8232-CTLKO,0.05312131,59.75,Two year
9227-YBAXE,0.019981304,82.5,Two year
6168-WFVVF,0.6807866,70.3,Month-to-month
9860-LISIZ,0.05296414,20.35,Month-to-month
0112-QAWRZ,0.4714662,90.8,Month-to-month
0877-SDMBN,0.1797481,103.95,One year
2786-GCDPI,0.43946555,104.95,Month-to-month
4043-MKDTV,0.13142191,105.25,Two year
8065-YKXKD,0.63516384,74.75,Month-to-month
9637-EIHEQ,0.6148471,50.8,Month-to-month
9229-RQABD,0.033469267,23.75,One year
8313-KTIHG,0.43257844,61.3,Month-to-month
5320-BRKGK,0.02028313,75.8,Two year
6284-KMNUF,0.21184228,98.0,One year
9689-PTNPG,0.7158138,80.25,Month-to-month
9465-RWMXL,0.4978907,78.9,Month-to-month
6229-UOLQL,0.052608,52.0,One year
2362-IBOOY,0.4933065,84.75,Month-to-month
3137-LUPIX,0.34549564,64.4,Month-to-month
0843-WTBXE,0.2693799,85.45,Month-to-month
6143-JQKEA,0.25535667,45.8,Month-to-month
8676-OOQEJ,0.40282875,30.5,Month-to-month
5515-IDEJJ,0.28411815,19.9,Month-to-month
9701-CDXHR,0.18389161,69.15,Month-to-month
7450-NWRTR,0.7918356,99.45,Month-to-month
8124-NZVGJ,0.24341679,49.25,One year
2162-FRZAA,0.015319677,39.35,Two year
5376-DEQCP,0.8020256,70.6,Month-to-month
5118-MUEYH,0.34143254,105.1,Month-to-month
9095-HFAFX,0.5749555,81.0,Month-to-month
5627-TVBPP,0.03439667,20.1,One year
2379-ENZGV,0.64729387,84.85,Month-to-month
3936-QQFLL,0.2729601,19.75,Month-to-month
2589-AYCRP,0.033630013,19.75,One year
4067-HLYQI,0.29492867,70.4,Month-to-month
5124-EOGYE,0.012506449,20.45,Two year
5057-RKGLH,0.017755225,20.35,Two year
0292-WEGCH,0.15891758,86.2,Month-to-month
8910-ICHIU,0.12295742,95.65,One year
4097-YODCF,0.29798034,103.8,One year
9715-WZCLW,0.10214777,97.2,Two year
9786-YWNHU,0.011050029,63.55,Two year
6407-GSJNL,0.0149339335,24.95,Two year
6005-OBZPH,0.5459152,89.15,Month-to-month
4049-ZPALD,0.052521363,99.0,Two year
7932-WPTDS,0.81283253,24.8,Month-to-month
3733-UOCWF,0.06692676,85.55,One year
6833-JMZYP,0.49791655,94.0,Month-to-month
2722-VOJQL,0.20600292,105.65,One year
1310-QRITU,0.32078624,50.3,Month-to-month
8961-QDZZJ,0.19618954,95.0,One year
9715-SBVSU,0.03852667,61.4,Two year
8490-BXHEO,0.45310527,80.55,Month-to-month
7173-TETGO,0.026280237,78.5,Two year
7929-SKFGK,0.05025744,114.3,Two year
2300-RQGOI,0.010144062,20.05,Two year
3563-SVYLG,0.012608745,62.65,Two year
5228-EXCET,0.60341436,80.85,Month-to-month
6435-VWCCY,0.056264997,92.7,Two year
4998-IKFSE,0.468796,100.45,Month-to-month
8630-QSGXK,0.030850837,75.2,Two year
2455-USLMV,0.3085631,84.75,Month-to-month
7394-FKDNK,0.6229957,89.45,Month-to-month
9488-FVZCC,0.016090535,79.5,Two year
6331-LWDTQ,0.27913633,72.15,Month-to-month
5995-WWKKG,0.05978463,19.8,One year
1597-FZREH,0.4272731,76.4,Month-to-month
7879-CGSFV,0.20946866,100.9,One year
9921-EZKBY,0.30420113,95.3,Month-to-month
7432-FFVAR,0.081832126,90.95,One year
7246-ZGQDF,0.48515615,54.5,Month-to-month
7000-WCEVQ,0.30289838,61.6,Month-to-month
0727-IWKVK,0.5809571,79.9,Month-to-month
5959-BELXA,0.54544556,96.15,Month-to-month
4456-RHSNB,0.1943691,49.6,Month-to-month
3512-IZIKN,0.01312268,65.3,Two year
2481-SBOYW,0.011356793,25.0,Two year
7109-MFBYV,0.15068938,45.45,Month-to-month
1833-TCXKK,0.42999095,107.75,Month-to-month
1832-PEUTS,0.032407865,89.1,Two year
6141-OOXUQ,0.29371142,19.65,Month-to-month
8660-BUETV,0.33423945,44.75,Month-to-month
0580-PIQHM,0.18777587,101.6,One year
5696-CEIQJ,0.06912655,103.15,Two year
7503-ZGUZJ,0.7800963,84.65,Month-to-month
1696-HXOWK,0.072084196,95.65,One year
3026-ATZYV,0.09313385,75.1,One year
4012-YCFAI,0.016341163,61.35,Two year
2506-TNFCO,0.8706091,69.55,Month-to-month
9970-QBCDA,0.14063539,19.7,Month-to-month
8718-PTMEZ,0.42719057,31.05,Month-to-month
9496-IVVRP,0.14132424,51.0,Month-to-month
2207-OBZNX,0.18146355,51.0,Month-to-month
2657-VPXTA,0.67140275,88.85,Month-to-month
6551-VLJMV,0.011474837,20.05,Two year
1221-GHZEP,0.015661517,65.1,Two year
9289-LBQVU,0.07130091,70.15,One year
6142-VSJQO,0.53174275,44.35,Month-to-month
3458-IDMFK,0.015107205,20.75,Two year
6933-FHBZC,0.081735805,56.05,One year
0221-NAUXK,0.04968996,19.95,One year
9770-KXGQU,0.11108797,98.6,One year
6437-UKHMV,0.6353737,79.7,Month-to-month
6538-POCHL,0.3056412,79.0,Month-to-month
6726-NNFWD,0.027802499,89.45,Two year
3002-WQZWT,0.49434024,74.2,Month-to-month
4277-UDIEF,0.120420806,81.0,Month-to-month
1208-NBVFH,0.26032722,49.6,Month-to-month
4912-PIGUY,0.8665934,84.6,Month-to-month
1114-CENIM,0.1695469,55.0,Month-to-month
6060-DRTNL,0.6126491,84.85,Month-to-month
2725-TTRIQ,0.016499383,84.2,Two year
3374-TTZTK,0.17225763,106.3,Two year
8990-ZXLSU,0.45074967,69.05,Month-to-month
2275-RBYQS,0.5590302,45.4,Month-to-month
8473-VUVJN,0.84017855,73.65,Month-to-month
6289-CPNLD,0.093208246,73.9,One year
5536-SLHPM,0.34055343,77.75,Month-to-month
4419-UJMUS,0.14627795,99.35,Two year
7794-JASDG,0.5671952,50.75,Month-to-month
7609-YBPXG,0.02312012,87.1,Two year
5519-TEEUH,0.027542088,20.15,One year
7856-GANIL,0.18751246,98.7,One year
0804-XBFBV,0.2858142,25.2,Month-to-month
2676-OXPPQ,0.20293757,55.7,Month-to-month
3703-TTEPD,0.109230936,65.35,Month-to-month
2799-TSLAG,0.012789507,25.3,Two year
0196-VULGZ,0.74249196,84.35,Month-to-month
8837-VVWLQ,0.49237052,84.95,Month-to-month
2696-NARTR,0.5514019,73.85,Month-to-month
2208-NKVVH,0.013809734,24.25,Two year
7614-QVWQL,0.13647324,51.8,One year
1976-CFOCS,0.6656495,46.0,Month-to-month
4631-OACRM,0.64502704,79.4,Month-to-month
7139-JZFVG,0.016950846,60.5,Two year
4987-GQWPO,0.17183347,25.1,Month-to-month
3755-JBMNH,0.3954629,71.8,Month-to-month
1757-TCATG,0.027216142,20.05,One year
6345-ULYRW,0.15521592,88.4,One year
4776-XSKYQ,0.06924647,30.25,One year
8048-DSDFQ,0.35752356,20.2,Month-to-month
5753-QQWPW,0.07660426,59.9,One year
6010-DDPPW,0.01069559,25.15,Two year
1809-DMJHQ,0.28087285,46.0,Month-to-month
6693-FRIRW,0.41292033,101.3,Month-to-month
6586-MYGKD,0.020247614,76.95,Two year
3173-NVMPX,0.24208407,55.3,Month-to-month
0248-PGHBZ,0.0308019,92.45,Two year
0623-GDISB,0.54752624,48.45,Month-to-month
2892-GESUL,0.01909172,19.35,Two year
6923-EFPNL,0.33834013,51.75,Month-to-month
7472-EQOAV,0.049913358,86.7,One year
9574-RKJIF,0.4022621,94.4,Month-to-month
2043-WVTQJ,0.4294011,55.7,Month-to-month
8034-RYTVV,0.086521015,84.25,One year
3863-QSTYI,0.18104059,64.65,Month-to-month
2619-WFQWU,0.7334304,70.15,Month-to-month
5044-LRQAQ,0.4935298,69.2,Month-to-month
1716-LSAMB,0.021675117,54.65,Two year
1333-PBMXB,0.032791864,24.75,One year
6546-OPBBH,0.031847585,23.95,One year
5985-BEHZK,0.18482164,105.0,One year
9127-QRZMH,0.051629588,59.85,One year
5919-VCZYM,0.15011282,20.05,Month-to-month
9644-KVCNC,0.09806085,92.15,One year
2137-DQMEV,0.059715338,44.8,One year
8174-LNWMW,0.010707796,20.9,Two year
9279-CJEOJ,0.55804485,95.4,Month-to-month
7964-VEXDG,0.32965538,80.35,Month-to-month
2404-JIBFC,0.024978997,85.1,Two year
0778-NELLA,0.3922414,34.7,Month-to-month
8029-XYPWT,0.05523794,115.05,Two year
4614-NUVZD,0.83798265,81.1,Month-to-month
4632-PAOYU,0.020401882,19.95,One year
3803-KMQFW,0.27639812,20.55,Month-to-month
6804-GDMOI,0.118163444,106.6,Two year
2990-OGYTD,0.021367686,86.15,Two year
6646-JPPHA,0.44621196,78.85,Month-to-month
9572-MTILT,0.34574574,106.75,Month-to-month
7658-UYUQS,0.34398335,86.55,Month-to-month
7880-XSOJX,0.1952063,42.4,Month-to-month
9611-CTWIH,0.7391132,89.45,Month-to-month
4589-IUAJB,0.0087313615,24.25,Two year
0329-GTIAJ,0.73544174,97.9,Month-to-month
8746-BFOAJ,0.03406868,20.5,One year
8457-XIGKN,0.11178724,19.6,Month-to-month
6072-NUQCB,0.027179807,20.25,One year
6629-CZTTH,0.6090393,55.7,Month-to-month
8838-GPHZP,0.010295801,20.6,Two year
8750-QWZAJ,0.010204319,19.8,Two year
5364-EVNIB,0.56693506,79.8,Month-to-month
6918-UMQCG,0.6276334,80.2,Month-to-month
0675-NCDYU,0.035404336,116.4,Two year
6339-DKLMK,0.38614222,31.65,Month-to-month
1346-PJWTK,0.16080849,94.15,Month-to-month
5088-QZLRL,0.30713528,20.65,Month-to-month
8023-QHAIO,0.30469692,76.85,Month-to-month
4397-FRLTA,0.13913566,20.15,Month-to-month
3057-VJJQE,0.01845357,55.25,Two year
5087-SUURX,0.39593452,39.05,Month-to-month
2302-OUZXB,0.02343538,82.15,Two year
8133-ANHHJ,0.16860153,103.0,One year
2270-CHBFN,0.19958058,95.1,Month-to-month
0013-EXCHZ,0.58609796,83.9,Month-to-month
5982-FPVQN,0.4239437,95.15,Month-to-month
9107-UKCKY,0.14727695,79.8,One year
4654-ULTTN,0.019010756,74.8,Two year
5550-VFRLC,0.81954205,69.85,Month-to-month
5546-BYZSM,0.0825856,20.45,Month-to-month
1492-KGETH,0.07261307,78.35,One year
4929-BSTRX,0.5826525,53.55,Month-to-month
4163-HFTUK,0.037471127,19.1,One year
8215-NGSPE,0.010453789,20.0,Two year
2225-ZRGSG,0.039262697,93.9,Two year
8859-YSTWS,0.029597428,19.95,One year
5271-YNWVR,0.050062258,113.15,Two year
7601-DHFWZ,0.015027448,24.0,Two year
2657-ALMWY,0.3777386,84.95,Month-to-month
6330-JKLPC,0.5105879,80.5,Month-to-month
4667-OHGKG,0.31428075,19.3,Month-to-month
1998-VHJHK,0.031006968,19.15,One year
1707-HABPF,0.105417386,91.3,One year
1660-HSOOQ,0.5678053,49.65,Month-to-month
7253-UVNDW,0.01815575,54.35,Two year
0487-VVUVK,0.08580579,19.15,Month-to-month
7228-OMTPN,0.7483071,88.45,Month-to-month
5063-IUOKK,0.015548289,19.75,Two year
4508-OEBEY,0.07685075,75.5,One year
0027-KWYKW,0.52036667,83.75,Month-to-month
2308-STERM,0.20548907,19.4,Month-to-month
5982-XMDEX,0.011229784,26.5,Two year
6284-AHOOQ,0.438176,90.5,Month-to-month
6051-PTVNS,0.027315091,19.15,One year
2344-JMOGN,0.5448826,94.85,Month-to-month
3799-ISUZQ,0.45012283,69.95,Month-to-month
2877-VDUER,0.052929748,40.9,One year
9152-AMKAK,0.037089836,80.25,Two year
1794-HBQTJ,0.4470574,48.6,Month-to-month
9432-VOFYX,0.5233882,70.8,Month-to-month
8049-WJCLQ,0.20199445,60.2,Month-to-month
6586-PSJOX,0.0753171,55.2,One year
2460-FPSYH,0.27059075,55.8,Month-to-month
9705-ZJBCG,0.06385699,54.15,One year
4818-DRBQT,0.39290005,80.15,Month-to-month
1320-HTRDR,0.72421783,75.5,Month-to-month
6847-KJLTS,0.3917844,100.4,Month-to-month
9670-BPNXF,0.062045593,62.55,One year
3913-FCUUW,0.017460251,70.45,Two year
3301-VKTGC,0.058075722,85.5,One year
1493-AMTIE,0.34299672,20.2,Month-to-month
9555-SAHUZ,0.14254841,54.5,Month-to-month
0816-TSPHQ,0.16378224,20.75,Month-to-month
9932-WBWIK,0.1020266,20.35,Month-to-month
4619-EVPHY,0.29632133,91.0,One year
5286-YHCVC,0.12006153,104.8,Two year
6424-ELEYH,0.62288344,74.75,Month-to-month
4391-RESHN,0.4508522,104.05,Month-to-month
9115-YQHGA,0.18323411,51.1,Month-to-month
4462-CYWMH,0.25061512,89.8,Month-to-month
8963-MQVYN,0.111683875,20.55,Month-to-month
2458-EOMRE,0.15818657,64.05,Month-to-month
9334-GWGOW,0.7246114,74.85,Month-to-month
6821-BUXUX,0.59625083,96.65,Month-to-month
5028-HTLJB,0.37051845,20.05,Month-to-month
9801-GDWGV,0.488723,103.45,Month-to-month
6542-LWGXJ,0.51487756,25.0,Month-to-month
5567-GZKQY,0.013838624,20.3,Two year
1222-LRYKO,0.14265998,26.35,Month-to-month
2320-JRSDE,0.3587425,19.9,Month-to-month
2087-QAREY,0.19435067,54.7,Month-to-month
0601-WZHJF,0.33178443,46.35,Month-to-month
4423-JWZJN,0.122060135,90.25,One year
5143-WMWOG,0.34517777,19.95,Month-to-month
6490-FGZAT,0.12059184,20.65,Month-to-month
5393-RXQSZ,0.7915678,79.6,Month-to-month
7452-FOLON,0.023403998,25.45,One year
2320-TZRRH,0.027620973,19.5,One year
0231-LXVAP,0.7895199,75.9,Month-to-month
9444-JTXHZ,0.7732493,76.2,Month-to-month
4942-VZZOM,0.055797726,66.15,One year
5510-BOIUJ,0.24568245,19.25,Month-to-month
7502-BNYGS,0.22438015,69.1,Month-to-month
4291-HYEBC,0.2928664,39.1,One year
6147-CBCRA,0.053681266,20.05,Month-to-month
6047-SUHPR,0.054807078,59.8,One year
4471-KXAUH,0.29033065,84.3,Month-to-month
9752-ZNQUT,0.6441811,48.6,Month-to-month
7638-QVMVY,0.6320668,79.0,Month-to-month
1576-PFZIW,0.07135675,105.35,Two year
5666-MBJPT,0.013747454,25.1,Two year
7312-XSBAT,0.4187277,49.75,Month-to-month
3096-GKWEB,0.62843424,94.75,Month-to-month
2371-JQHZZ,0.58975965,93.0,Month-to-month
0674-GCDXG,0.013840902,71.9,Two year
1121-QSIVB,0.12053202,77.55,One year
4396-KLSEH,0.24710757,19.85,Month-to-month
3244-DCJWY,0.81108385,70.25,Month-to-month
2824-MYYBN,0.5225797,95.25,Month-to-month
0875-CABNR,0.59369063,84.6,Month-to-month
6345-HOVES,0.20159881,25.05,Month-to-month
8318-LCNBW,0.10337616,53.15,One year
6469-QJKZW,0.15705325,20.15,Month-to-month
0147-ESWWR,0.45965096,101.25,Month-to-month
1217-VASWC,0.2698349,100.55,One year
7812-FZHPE,0.06836241,24.1,Month-to-month
6370-ZVHDV,0.011602184,25.3,Two year
5915-DGNVC,0.07363744,71.8,One year
6260-XLACS,0.06277365,19.7,One year
3566-CAAYU,0.066751346,49.85,Two year
4983-CCWMC,0.5421296,69.6,Month-to-month
9103-CXVOK,0.31191847,19.75,Month-to-month
2896-TBNBE,0.11032746,80.8,One year
4797-AXPXK,0.5129214,60.0,Month-to-month
5229-PRWKT,0.69834363,86.55,Month-to-month
6982-UQZLY,0.40420005,20.85,Month-to-month
2522-WLNSF,0.07600663,64.2,One year
3841-CONLJ,0.68997306,35.0,Month-to-month
5057-LCOUI,0.30216688,50.75,Month-to-month
0193-ESZXP,0.15888375,105.5,One year
4475-NVTLU,0.033021398,19.2,Two year
4369-HTUIF,0.5332279,85.15,Month-to-month
9386-LDCZR,0.049174402,90.65,One year
9585-KKMFD,0.015732199,20.0,Two year
5399-ZIMKF,0.60699934,74.65,Month-to-month
0336-KXKFK,0.020508487,61.2,Two year
5619-XZZKR,0.07490182,19.95,One year
3948-FVVRP,0.16405703,54.8,Month-to-month
5327-XOKKY,0.033796504,73.45,Two year
0983-TATYJ,0.060469225,51.45,One year
1813-JYWTO,0.017960507,80.45,Two year
0156-FVPTA,0.20407136,54.2,Month-to-month
1984-FCOWB,0.20707053,109.5,One year
0654-HMSHN,0.47093844,104.4,Month-to-month
6719-OXYBR,0.5152944,85.3,Month-to-month
3312-ZWLGF,0.49947414,79.3,Month-to-month
6476-YHMGA,0.21206987,76.5,Month-to-month
5287-QWLKY,0.25031918,105.1,Month-to-month
0795-XCCTE,0.015040707,25.4,Two year
0168-XZKBB,0.5616472,86.85,Month-to-month
3785-NRHYR,0.29750627,19.65,Month-to-month
5196-SGOAK,0.8097156,75.7,Month-to-month
4537-DKTAL,0.5110709,45.55,Month-to-month
7072-MBHEV,0.5884704,78.1,Month-to-month
5602-BVFMK,0.04594045,19.3,One year
6297-NOOPG,0.10770305,110.5,Two year
1891-UAWWU,0.4507113,90.8,Month-to-month
8204-TIFGJ,0.089684255,20.3,Month-to-month
8050-DVOJX,0.031011824,81.35,Two year
6108-OQZDQ,0.80330837,97.95,Month-to-month
0363-QJVFX,0.33217993,108.15,Month-to-month
8903-XEBGX,0.6184163,55.3,Month-to-month
8169-SAEJD,0.02482274,56.55,Two year
9840-DVNDC,0.5610637,80.5,Month-to-month
1089-XZWHH,0.016196648,19.7,Two year
2325-WINES,0.282854,104.05,One year
6064-ZATLR,0.021365069,52.85,Two year
3096-JRDSO,0.46117935,104.3,Month-to-month
7824-PANSQ,0.19582187,80.65,Month-to-month
8042-JVNFH,0.7794428,71.35,Month-to-month
9648-BCHKM,0.01729909,24.65,Two year
2888-ADFAO,0.016832024,21.3,Two year
8707-HOEDG,0.100886196,110.2,Two year
3374-LXDEV,0.5297767,89.4,Month-to-month
4072-IPYLT,0.09402752,51.05,Month-to-month
7167-PCEYD,0.012120181,19.8,Two year
4936-YPJNK,0.12944894,19.9,Month-to-month
1580-BMCMR,0.46170545,87.3,Month-to-month
4817-KEQSP,0.010773554,19.85,Two year
6408-WHTEF,0.015490028,89.4,Two year
9251-AWQGT,0.012230774,20.0,Two year
8749-CLJXC,0.29371142,20.05,Month-to-month
7989-VCQOH,0.1305755,83.25,Month-to-month
5049-GLYVG,0.29123053,20.6,Month-to-month
4199-QHJNM,0.07595396,102.9,Two year
8882-TLVRW,0.014852711,39.1,Two year
5883-GTGVD,0.62129444,99.95,Month-to-month
5135-GRQJV,0.04634414,114.5,Two year
2384-OVPSA,0.019321982,20.2,Two year
1371-WEPDS,0.12759297,55.8,One year
3580-GICBM,0.011845745,24.2,Two year
4817-QRJSX,0.5299883,81.0,Month-to-month
9730-DRTMJ,0.07411736,72.8,One year
4686-UXDML,0.5602733,99.85,Month-to-month
3349-ANQNH,0.34758648,99.5,One year
2398-YPMUR,0.5713112,70.15,Month-to-month
0932-YIXYU,0.011396507,20.25,Two year
7480-SPLEF,0.011161641,26.0,Two year
7636-XUHWW,0.3334341,19.9,Month-to-month
1431-CYWMH,0.061849017,19.05,Month-to-month
5937-EORGB,0.6634516,96.5,Month-to-month
6349-JDHQP,0.017057601,19.85,Two year
5539-HIVAK,0.107737355,25.7,Month-to-month
5847-MXBEO,0.026598485,20.3,One year
9985-MWVIX,0.7817531,70.15,Month-to-month
4583-PARNH,0.49641305,91.55,Month-to-month
1116-FRYVH,0.017889878,39.4,Two year
1421-HCERK,0.40828687,105.7,Month-to-month
9633-XQABV,0.6667767,70.25,Month-to-month
0716-BQNDX,0.095531,93.75,Two year
1265-XTECC,0.086053595,96.55,One year
1183-CANVH,0.06212058,60.0,One year
1972-XMUWV,0.017816218,59.8,Two year
8679-LZBMD,0.20392382,90.65,One year
3407-JMJQQ,0.07053271,109.0,Two year
6252-DFGTK,0.045429483,68.1,One year
1539-LNKHM,0.10164917,20.4,Month-to-month
8645-KOMJQ,0.022824487,81.95,Two year
0289-IVARM,0.11377128,60.55,Month-to-month
9761-XUJWD,0.2575691,65.6,Month-to-month
4057-FKCZK,0.050815187,82.5,Two year
4291-TPNFG,0.01444137,82.3,Two year
6087-YPWHO,0.011751431,68.15,Two year
3090-QFUVD,0.28442898,20.3,Month-to-month
2237-ZFSMY,0.12779208,95.55,One year
1722-LDZJS,0.022187626,20.2,One year
1818-ESQMW,0.3639966,89.2,Month-to-month
4871-JTKJF,0.8093406,69.65,Month-to-month
1415-YFWLT,0.8630931,89.3,Month-to-month
7401-RUBNK,0.30891603,74.8,Month-to-month
0506-YLVKJ,0.012825156,20.2,Two year
8661-BOYNW,0.017756298,84.4,Two year
6711-VTNRE,0.3456197,87.55,Month-to-month
4815-GBTCD,0.61649066,25.15,Month-to-month
2805-AUFQN,0.012825976,19.8,Two year
0980-PVMRC,0.26634866,50.85,Month-to-month
7233-DRTRF,0.48222318,102.4,Month-to-month
3500-RMZLT,0.4486841,96.3,Month-to-month
3873-NFTGI,0.23629405,55.5,Month-to-month
1162-ECVII,0.07116927,109.75,Two year
7048-GXDAY,0.43442807,106.4,Month-to-month
8571-ZCMCX,0.029435996,60.0,Two year
1169-WCVAK,0.25229904,88.8,Month-to-month
4548-SDBKE,0.72999763,85.2,Month-to-month
8066-POXGX,0.4134194,35.1,Month-to-month
7129-CAKJW,0.37673727,80.05,Month-to-month
8695-ARGXZ,0.5564777,75.55,Month-to-month
3570-YUEKJ,0.2128174,49.55,Month-to-month
4143-OOBWZ,0.70390517,81.3,Month-to-month
1555-HAPSU,0.009192608,23.9,Two year
1697-NVVGY,0.1392146,66.4,Month-to-month
7854-EKTJL,0.28322482,19.6,Month-to-month
8464-EETCQ,0.014174145,18.8,Two year
2419-FSORS,0.12104097,108.4,Two year
8132-YPVBX,0.5683308,85.95,Month-to-month
9102-IAYHT,0.6130189,85.45,Month-to-month
6754-LZUKA,0.036985103,80.9,Two year
3422-LYEPQ,0.8290871,71.0,Month-to-month
8099-MZPUJ,0.09052025,111.8,Two year
0787-LHDYT,0.11365009,20.6,Month-to-month
2642-DTVCO,0.78528255,85.05,Month-to-month
0374-IOEGQ,0.47912014,44.6,Month-to-month
4361-JEIVL,0.57845485,44.4,Month-to-month
3197-NNYNB,0.09335316,105.1,Two year
3396-DKDEL,0.033752598,115.15,Two year
1752-OZXFY,0.051764037,59.8,One year
9066-QRSDU,0.06251156,26.3,One year
9112-WSNPU,0.3321461,70.55,Month-to-month
9867-NNXLC,0.08722865,20.05,Month-to-month
5321-NTRKC,0.028563708,79.85,Two year
1363-TXLSL,0.8607876,70.3,Month-to-month
9507-EXLTT,0.8290365,79.35,Month-to-month
3161-GETRM,0.42269453,90.05,Month-to-month
0402-OAMEN,0.009845365,24.45,Two year
6933-VLYFX,0.11229003,59.95,One year
6754-WKSHP,0.034054216,25.35,One year
9846-GKXAS,0.5642915,90.8,Month-to-month
6017-PPLPX,0.44635916,70.45,Month-to-month
4976-LNFVV,0.28328142,34.3,Month-to-month
5055-MGMGF,0.31539497,105.05,Month-to-month
4641-FROLU,0.0147557575,19.3,Two year
2862-JVEOY,0.0414687,19.15,One year
2969-QWUBZ,0.6234588,51.4,Month-to-month
9822-BIIGN,0.09923215,71.85,Month-to-month
2077-MPJQO,0.7246114,75.4,Month-to-month
1534-OULXE,0.04548248,49.7,One year
7136-RVDTZ,0.13902919,45.25,One year
2971-SGAFL,0.28083846,78.75,Month-to-month
1480-IVEVR,0.19285554,81.6,One year
2905-KFQUV,0.6179984,70.4,Month-to-month
4581-SSPWD,0.7248198,75.8,Month-to-month
3370-HXOPH,0.6665674,76.1,Month-to-month
9391-YZEJW,0.20571281,94.0,One year
9958-MEKUC,0.05536658,103.95,Two year
0281-CNTZX,0.011937543,19.95,Two year
6927-WTFIV,0.36599433,71.3,Month-to-month
4118-CEVPF,0.20816396,110.8,One year
3398-ZOUAA,0.5522998,69.1,Month-to-month
9114-VEPUF,0.11302742,96.1,One year
7876-BEUTG,0.23570246,48.8,Month-to-month
2338-BQEZT,0.14743544,50.55,Month-to-month
9873-MNDKV,0.24005759,44.65,Month-to-month
0378-NHQXU,0.5032909,88.25,Month-to-month
8241-JUIQO,0.027056314,19.45,One year
2194-IIQOF,0.020336883,89.3,Two year
4512-ZUIYL,0.50861776,70.0,Month-to-month
9631-RXVJM,0.013725908,19.25,Two year
9584-EXCDZ,0.38194418,70.5,Month-to-month
7969-AULMZ,0.61013657,97.35,Month-to-month
5093-FEGLU,0.012020011,19.65,Two year
2621-UDNLU,0.19084872,20.85,Month-to-month
7526-IVLYU,0.21796165,19.65,Month-to-month
2428-HYUNX,0.032177176,19.35,Two year
9214-EKVXR,0.55130666,44.0,Month-to-month
3410-MHHUM,0.2046528,94.4,One year
0568-ONFPC,0.16233036,25.9,Month-to-month
0733-VUNUW,0.1640881,55.65,Month-to-month
4550-EVXNY,0.8334918,69.65,Month-to-month
2122-YWVYA,0.42561615,75.4,Month-to-month
2968-SSGAA,0.78138363,100.6,Month-to-month
2296-DKZFP,0.012840759,71.0,Two year
4844-JJWUY,0.85895336,86.0,Month-to-month
6777-TGHTM,0.17785913,106.95,One year
8909-BOLNL,0.07572367,21.2,One year
6603-YRDCJ,0.017276578,61.05,Two year
3538-WZPHD,0.6362964,29.6,Month-to-month
3229-USWAR,0.122670494,79.95,One year
2138-VFAPZ,0.02708283,19.7,Two year
6131-JLWZM,0.11798536,20.3,Month-to-month
4785-QRJHC,0.11500475,59.9,One year
0269-XFESX,0.032423344,24.35,One year
1709-EJDOX,0.01314577,19.75,Two year
4316-XCSLJ,0.16536044,50.3,Month-to-month
8610-WFCJF,0.46983662,95.6,Month-to-month
9693-XMUOB,0.31633943,50.25,Month-to-month
0383-CLDDA,0.018943356,85.35,Two year
4905-JEFDW,0.28850198,41.6,One year
2709-UQGNP,0.17570557,51.65,Month-to-month
3549-ZTMNH,0.02831452,24.0,Two year
7881-INRLC,0.4248418,100.85,Month-to-month
8033-ATFAS,0.18277104,59.85,Month-to-month
1635-NZATJ,0.013715325,25.45,Two year
0562-HKHML,0.008732022,23.9,Two year
8277-RVRSV,0.03210787,24.15,One year
9943-VSZUV,0.22321191,75.7,Month-to-month
0117-LFRMW,0.08680514,40.2,Month-to-month
6172-FECYY,0.42211768,84.5,Month-to-month
7054-ENNGU,0.18810023,50.85,Month-to-month
1455-HFBXA,0.027331408,91.6,Two year
9402-CXWPL,0.21833588,98.9,One year
1628-BIZYP,0.83728176,85.0,Month-to-month
1965-AKTSX,0.6258968,78.95,Month-to-month
0082-LDZUE,0.57138914,44.3,Month-to-month
4786-UKSNZ,0.35752356,20.2,Month-to-month
5343-SGUBI,0.08918545,80.2,One year
0856-NAOES,0.23888524,60.9,Month-to-month
1976-AZZPJ,0.20422997,34.2,Month-to-month
7248-VZQLC,0.34925205,85.2,Month-to-month
6156-UZDLF,0.0860147,87.15,One year
3099-OONVS,0.14697246,54.3,Month-to-month
9500-WBGRP,0.010779044,19.1,Two year
5183-KLYEM,0.03759332,112.75,Two year
5144-PQCDZ,0.21251841,19.95,Month-to-month
8514-VZHEB,0.014285096,19.5,Two year
6625-IUTTT,0.0133193,65.55,Two year
9355-NPPFS,0.5233053,78.8,Month-to-month
0068-FIGTF,0.08971291,78.2,One year
5965-GGPRW,0.092858024,105.25,Two year
8035-PWSEV,0.60773915,89.25,Month-to-month
2236-HILPA,0.007861905,20.65,Two year
1840-BIUOG,0.11558352,68.7,One year
1356-MKYSK,0.17618178,78.65,Month-to-month
6080-LNESI,0.014315113,24.75,Two year
1830-IPXVJ,0.008236281,19.75,Two year
5828-DWPIL,0.2080818,89.1,Month-to-month
8398-TBIYD,0.027019523,84.7,Two year
0011-IGKFF,0.71888924,98.0,Month-to-month
4192-GORJT,0.74406826,94.45,Month-to-month
6496-SLWHQ,0.8525189,105.0,Month-to-month
9912-GVSEQ,0.58869773,93.85,Month-to-month
2931-FSOHN,0.3537568,59.9,Month-to-month
9418-RUKPH,0.013874311,19.95,Two year
5383-MMTWC,0.7244657,84.0,Month-to-month
9971-ZWPBF,0.423594,108.9,Month-to-month
4712-AUQZO,0.1730032,33.6,Month-to-month
9711-FJTBX,0.06459178,85.85,One year
2908-ZTPNF,0.17382666,34.85,Month-to-month
7240-ETPTR,0.4296681,48.75,Month-to-month
2202-CUYXZ,0.828549,84.85,Month-to-month
5995-OIGLP,0.119792,56.65,Month-to-month
8421-WZOOW,0.27121326,95.3,Month-to-month
6261-RCVNS,0.06857554,73.9,One year
7951-QKZPL,0.013643354,24.5,Two year
1414-YADCW,0.013771692,84.6,Two year
8756-RDDLT,0.15557139,44.95,Month-to-month
2862-PFNIK,0.6881969,24.7,Month-to-month
5816-QVHRX,0.3604724,100.3,Month-to-month
4430-YHXGG,0.19635196,25.45,Month-to-month
6888-SBYAI,0.46328905,50.7,Month-to-month
7395-XWZOY,0.2029175,55.0,Month-to-month
7169-YWAMK,0.016132493,68.4,Two year
3640-PHQXK,0.56098604,89.9,Month-to-month
6877-LGWXO,0.44973913,78.55,Month-to-month
6859-RKMZJ,0.26958483,55.05,Month-to-month
2729-VNVAP,0.011260051,19.8,Two year
2957-JIRMN,0.10147635,84.45,One year
2049-BAFNW,0.5209729,35.9,Month-to-month
3842-QTGDL,0.2935205,80.75,Month-to-month
7163-OCEQI,0.11061052,78.65,One year
9782-LGXMC,0.09699419,61.75,Month-to-month
5975-BAICR,0.09676275,63.7,One year
8019-ENHXU,0.47449067,99.45,Month-to-month
5167-GBFRE,0.5843487,25.2,Month-to-month
9033-EOXWV,0.1750011,74.05,One year
4673-KKSLS,0.26110157,87.6,Month-to-month
4853-OITSN,0.67918605,89.15,Month-to-month
9800-OUIGR,0.0084860055,20.0,Two year
1324-NLTJE,0.21446276,55.0,Month-to-month
2324-EFHVG,0.10519261,104.4,Two year
7094-MSZAO,0.13222286,20.05,Month-to-month
1522-VVDMG,0.59179676,89.75,Month-to-month
6907-CQGPN,0.13511407,34.3,Month-to-month
0780-XNZFN,0.014822253,20.65,Two year
0239-OXEXL,0.18284597,84.25,Month-to-month
2675-IJRGJ,0.014468555,19.65,Two year
7049-GKVZY,0.10342988,79.85,One year
8577-QSOCG,0.015564472,20.2,Two year
3721-CNZHX,0.041770253,19.8,One year
0212-ISBBF,0.42841968,50.35,Month-to-month
9185-TQCVP,0.71676797,85.15,Month-to-month
3585-YNADK,0.058115855,74.6,One year
5271-DBYSJ,0.58126223,79.15,Month-to-month
1099-GODLO,0.055689663,20.35,Two year
6828-HMKWP,0.020030212,21.05,Two year
5567-WSELE,0.8222152,94.6,Month-to-month
1472-TNCWL,0.41548446,94.7,Month-to-month
8063-RJYNF,0.5249379,94.25,Month-to-month
0687-ZVTHB,0.05233251,72.45,One year
2080-GKCWQ,0.6465802,74.95,Month-to-month
9661-ACXBS,0.4496684,105.2,Month-to-month
2193-SFWQW,0.041346993,111.95,Two year
5656-JAMLX,0.01054199,19.85,Two year
3462-BJQQA,0.71793234,89.75,Month-to-month
0442-TDYUO,0.016530316,20.05,Two year
6733-LRIZX,0.19578074,108.95,Two year
9503-XJUME,0.029583152,19.65,One year
4367-NHWMM,0.5913668,24.9,Month-to-month
3727-RJMEO,0.71395904,82.85,Month-to-month
3779-OSWCF,0.050372176,93.2,Two year
6736-DHUQI,0.04952119,84.8,One year
3915-ODIYG,0.14403087,71.75,One year
1360-RCYRT,0.16525061,30.35,Month-to-month
2724-FJDYW,0.10484278,54.85,One year
4451-RWASJ,0.051058482,19.5,One year
6646-VRFOL,0.497186,103.85,Month-to-month
3460-TJBWI,0.0121426,24.2,Two year
5917-HBSDW,0.079496376,19.35,Month-to-month
5685-IIXLY,0.67737246,83.6,Month-to-month
5671-UUNXD,0.3241118,100.65,One year
0956-ACVZC,0.21352382,94.1,One year
2325-NBPZG,0.5782486,74.55,Month-to-month
4250-ZBWLV,0.3025114,108.45,One year
4482-FTFFX,0.28976458,56.15,Month-to-month
8859-DZTGQ,0.009579891,20.35,Two year
0440-MOGPM,0.19595183,80.55,One year
0020-JDNXP,0.086844936,61.25,One year
3752-CQSJI,0.11966305,20.45,Month-to-month
5025-GOOKI,0.11608817,18.9,Month-to-month
4698-KVLLG,0.024162978,19.6,Two year
5095-AESKG,0.7103301,91.5,Month-to-month
2887-JPYLU,0.11068886,45.2,Month-to-month
4770-QAZXN,0.10274416,19.45,Month-to-month
4896-CPRPF,0.012188775,25.45,Two year
1871-MOWRM,0.30379698,80.85,Month-to-month
9714-EDSUC,0.53147966,94.9,Month-to-month
2027-OAQQC,0.26736385,49.05,Month-to-month
0282-NVSJS,0.25766596,29.3,Month-to-month
9090-SGQXL,0.5010802,105.3,Month-to-month
6595-YGXIT,0.58665544,88.95,Month-to-month
7353-YOWFP,0.050157882,20.25,One year
9835-ZIITK,0.2508078,110.85,One year
8008-ESFLK,0.23946488,110.5,One year
7537-CBQUZ,0.3366286,109.4,Month-to-month
1555-DJEQW,0.047052287,114.2,Two year
5649-TJHOV,0.24836814,36.5,Month-to-month
0519-XUZJU,0.646655,70.75,Month-to-month
3363-EWLGO,0.12363977,19.95,Month-to-month
4750-UKWJK,0.03002197,19.6,One year
6338-AVWCY,0.47051907,40.15,Month-to-month
1689-YQBYY,0.66305,76.6,Month-to-month
4487-ZYJZK,0.030116878,19.6,One year
2959-FENLU,0.57380146,85.3,Month-to-month
0708-LGSMF,0.2670633,65.85,Month-to-month
9253-QXKBE,0.6646832,94.45,Month-to-month
7634-HLQJR,0.012372902,20.05,Two year
0487-RPVUM,0.2356178,99.4,Month-to-month
4079-ULGFR,0.09911883,20.0,Month-to-month
2516-XSJKX,0.036694944,78.45,Two year
0057-QBUQH,0.04327234,25.1,Two year
9445-SZLCH,0.3520523,97.35,Month-to-month
6599-SFQVE,0.3965963,55.0,Month-to-month
8331-ZXFOE,0.043466363,71.1,One year
4003-FUSHP,0.21752924,61.55,Month-to-month
0356-ERHVT,0.23816659,45.9,Month-to-month
7325-ENZFI,0.079084635,40.3,One year
4884-ZTHVF,0.6734257,87.1,Month-to-month
3920-HIHMQ,0.16347586,49.5,Month-to-month
3055-OYMSE,0.2587427,73.8,Month-to-month
0613-WUXUM,0.009780001,19.2,Two year
7568-PODML,0.6285258,45.3,Month-to-month
4458-KVRBJ,0.0131005775,25.0,Two year
5349-IECLD,0.7584757,94.95,Month-to-month
1397-XKKWR,0.09838192,35.3,One year
3945-GFWQL,0.26006663,44.55,Month-to-month
8097-OMULG,0.06293906,76.75,One year
6013-BHCAW,0.034751248,81.0,Two year
0401-WDBXM,0.07625453,105.55,Two year
3387-PLKUI,0.09799773,18.8,Month-to-month
6096-EGVTU,0.02275046,24.9,One year
3797-VTIDR,0.7040622,23.45,Month-to-month
5081-NWSUP,0.11681442,64.9,One year
2580-ATZSQ,0.02767696,61.35,One year
8085-MSNLK,0.0696168,113.95,Two year
9691-HKOVS,0.09711224,90.15,One year
9881-VCZEP,0.16247243,54.1,Month-to-month
9526-BIHHD,0.40033323,29.7,Month-to-month
8757-TFHHJ,0.50364465,49.8,Month-to-month
4523-WXCEF,0.41391328,101.1,Month-to-month
1468-DEFNC,0.01674611,24.4,Two year
5119-KEPFY,0.3808748,95.0,Month-to-month
8364-TRMMK,0.4369703,50.65,Month-to-month
0916-KNFAJ,0.019682404,69.9,Two year
8319-QBEHW,0.1390418,39.95,One year
3063-QFSZL,0.6879631,55.4,Month-to-month
8775-LHDJH,0.85208017,90.6,Month-to-month
9625-QNLUX,0.07341915,103.25,Two year
3097-NQYSN,0.73182935,86.85,Month-to-month
4024-CSNBY,0.059370346,94.25,Two year
7110-BDTWG,0.041616533,47.05,Two year
7493-GVFIO,0.011569246,20.55,Two year
0690-SRQID,0.19615698,19.65,Month-to-month
9605-WGJVW,0.8659153,70.2,Month-to-month
9114-DPSIA,0.015948687,81.0,Two year
4700-UBQMV,0.12397798,75.9,One year
7711-GQBZC,0.010724301,24.7,Two year
3565-UNOCC,0.55209434,99.05,Month-to-month
4627-MIHJH,0.07348242,110.25,Two year
9795-NREXC,0.022307282,85.0,Two year
8573-CGOCC,0.10216521,19.75,Month-to-month
7356-AYNJP,0.081655405,23.9,One year
9249-FXSCK,0.16482103,111.25,One year
5493-SDRDQ,0.3333815,55.1,Month-to-month
6286-SUUWT,0.29371142,19.95,Month-to-month
4819-HJPIW,0.1466158,25.15,Month-to-month
8654-DHAOW,0.44054922,54.15,Month-to-month
5438-QMDDL,0.2199748,59.8,Month-to-month
9812-GHVRI,0.26569462,83.85,Month-to-month
5553-AOINX,0.30008873,104.9,One year
1228-ZLNBX,0.27551213,75.3,Month-to-month
4226-KKDON,0.3017221,66.65,Month-to-month
3831-YCPUO,0.051841307,109.5,Two year
7445-WMRBW,0.060730305,73.85,One year
3308-DGHKL,0.011591619,19.3,Two year
9924-JPRMC,0.08717874,118.2,Two year
0080-EMYVY,0.06814958,51.45,One year
6218-KNUBD,0.2683999,59.45,Month-to-month
7337-CINUD,0.02284452,19.5,Two year
7609-NRNCA,0.042918634,19.55,One year
0623-EJQEG,0.11565381,93.55,One year
7153-CHRBV,0.05088826,59.3,One year
0871-URUWO,0.631336,102.25,Month-to-month
9190-MFJLN,0.51015556,95.9,Month-to-month
6198-PNNSZ,0.16410497,109.8,One year
3317-VLGQT,0.6466365,78.1,Month-to-month
4132-POCZS,0.22424833,39.9,Month-to-month
5614-DNZCE,0.018402874,64.9,Two year
1095-JUDTC,0.34773478,95.05,Month-to-month
3896-RCYYE,0.13459139,53.4,Month-to-month
9638-JIQYA,0.55383015,24.9,Month-to-month
3258-SANFR,0.2951803,44.7,Month-to-month
3726-TBHQT,0.042462584,114.0,Two year
3190-ITQXP,0.012412166,20.25,Two year
0870-VEMYL,0.20476864,53.85,Month-to-month
4833-QTJNO,0.13694993,83.85,Month-to-month
3039-MJSLN,0.16708562,20.2,Month-to-month
0178-CIIKR,0.1719949,19.95,Month-to-month
5385-SUIRI,0.4186706,104.2,Month-to-month
3982-XWFZQ,0.23252049,50.25,Month-to-month
5774-QPLTF,0.035147686,20.35,One year
2322-VCZHZ,0.43931308,90.0,Month-to-month
5010-IPEAQ,0.013659361,54.2,Two year
4009-ALQFH,0.5472722,99.5,Month-to-month
6383-ZTSIW,0.18336663,99.1,One year
8990-YOZLV,0.012074694,66.9,Two year
3069-SSVSN,0.23975968,25.85,One year
5222-IMUKT,0.38658187,91.05,Month-to-month
3627-FCRDW,0.48037544,71.0,Month-to-month
7562-GSUHK,0.39552632,93.2,Month-to-month
6685-XSHHU,0.013583505,20.95,Two year
8901-UPRHR,0.088474646,109.2,Two year
4903-UYAVB,0.1173844,19.35,Month-to-month
0118-JPNOY,0.3960259,85.8,Month-to-month
6776-TLWOI,0.18104368,19.85,Month-to-month
3845-FXCYS,0.3242042,19.65,Month-to-month
5857-XRECV,0.10943868,20.5,One year
0725-CXOTM,0.09233218,89.65,One year
4343-EJVQB,0.36963704,74.35,Month-to-month
9000-PLFUZ,0.08572684,49.45,Two year
3427-GGZZI,0.5869347,89.1,Month-to-month
7779-ORAEL,0.027767494,75.15,Two year
0644-OQMDK,0.68189555,70.65,Month-to-month
4077-CROMM,0.48430923,104.2,Month-to-month
3154-CFSZG,0.24286288,90.05,Month-to-month
2868-MZAGQ,0.8569401,79.25,Month-to-month
4847-QNOKA,0.5286679,44.9,Month-to-month
2220-IAHLS,0.299869,19.4,Month-to-month
1658-XUHBX,0.32291204,88.75,Month-to-month
6379-RXJRQ,0.56399626,70.1,Month-to-month
2378-HTWFW,0.3261014,91.0,Month-to-month
8650-RHRKE,0.52661973,29.65,Month-to-month
4377-VDHYI,0.19515367,90.8,One year
0475-RIJEP,0.33135393,77.85,Month-to-month
1260-TTRXI,0.4644724,54.3,Month-to-month
3719-TDVQB,0.019702354,18.95,Two year
6328-ZPBGN,0.73901534,95.15,Month-to-month
0201-MIBOL,0.07967721,102.4,Two year
4937-QPZPO,0.28913352,99.9,One year
2925-VDZHY,0.01691328,88.7,Two year
6981-TDRFT,0.14689471,54.3,One year
3413-CSSTH,0.1911883,55.7,Month-to-month
8033-VCZGH,0.29666626,103.95,One year
4789-KWMXN,0.17813271,110.85,One year
0224-NIJLP,0.016194733,20.15,Two year
7542-CYDDM,0.077628255,20.05,Month-to-month
4718-WXBGI,0.016154433,91.95,Two year
2867-UIMSS,0.8215767,80.5,Month-to-month
8495-PRWFH,0.21301593,55.65,Month-to-month
0439-IFYUN,0.57041544,74.7,Month-to-month
5716-LIBJC,0.38458046,104.15,One year
2868-LLSKM,0.06175258,83.65,One year
8111-RKSPX,0.60068905,72.2,Month-to-month
2988-QRAJY,0.09025676,110.05,Two year
1585-MQSSU,0.16209319,51.5,Month-to-month
0071-NDAFP,0.01401937,25.5,Two year
2856-NNASM,0.36572647,89.55,Month-to-month
7328-ZJAJO,0.014660589,19.5,Two year
6458-CYIDZ,0.52678865,80.7,Month-to-month
8559-CIZFV,0.043741863,77.5,One year
1090-PYKCI,0.10826222,105.1,One year
3058-WQDRE,0.2932716,25.15,Month-to-month
7547-EKNFS,0.3421369,95.25,Month-to-month
2279-AXJJK,0.29896337,95.65,Month-to-month
6769-DYBQN,0.2579285,85.0,Month-to-month
0909-SELIE,0.017367493,80.8,Two year
3417-TSCIC,0.08460844,24.85,One year
1042-HFUCW,0.06831494,54.75,One year
4439-JMPMT,0.6196387,85.75,Month-to-month
6537-OTKMY,0.2695086,50.75,One year
8999-EXMNO,0.010865276,20.15,Two year
6725-TPKJO,0.010244975,20.05,Two year
2446-BEGGB,0.81277734,98.25,Month-to-month
7162-WPHPM,0.016551027,71.6,Two year
1599-MMYRQ,0.050775908,81.45,One year
8821-KVZKQ,0.069400765,58.4,One year
1496-GGSUK,0.74740434,25.7,Month-to-month
6434-TTGJP,0.024524536,53.7,Two year
0042-JVWOJ,0.04443956,19.6,One year
0130-SXOUN,0.19472227,89.4,Month-to-month
2575-GFSOE,0.5768011,69.0,Month-to-month
2330-PQGDQ,0.07243992,84.2,One year
1452-UZOSF,0.06328784,106.1,Two year
2097-YVPKN,0.011092237,25.75,Two year
2842-JTCCU,0.5212404,46.05,Month-to-month
8597-CTXVJ,0.03790857,64.95,One year
6631-HMANX,0.022272531,85.45,Two year
9962-BFPDU,0.35262427,20.05,Month-to-month
3296-SILRA,0.7836106,76.4,Month-to-month
9681-OXGVC,0.8162001,100.5,Month-to-month
6394-HHHZM,0.17863803,20.7,Month-to-month
5995-LFTLE,0.016839482,25.3,Two year
5180-UCIIQ,0.18468407,40.05,Month-to-month
1932-UEDCX,0.49992144,100.6,Month-to-month
7153-OANIO,0.7412215,69.95,Month-to-month
5188-HGMLP,0.28201833,74.0,Month-to-month
0665-XHDJU,0.15507704,99.4,Two year
6521-YYTYI,0.88686794,93.3,Month-to-month
8878-HMWBV,0.5594691,49.15,Month-to-month
8265-HKSOW,0.05562882,107.45,Two year
3544-FBCAS,0.017703142,83.6,Two year
5331-RGMTT,0.48061946,99.05,Month-to-month
4759-PXTAN,0.10411383,80.1,One year
7054-DMVAS,0.026236942,65.3,Two year
3428-MMGUB,0.11352497,89.55,Two year
6549-BTYPG,0.02522753,60.8,Two year
7823-JSOAG,0.66426325,74.5,Month-to-month
3705-RHRFR,0.04678205,99.15,Two year
9374-YOLBJ,0.29753247,19.25,Month-to-month
9074-KGVOX,0.159452,39.45,Month-to-month
6128-DAFVY,0.2758946,44.85,Month-to-month
9933-QRGTX,0.07665917,97.2,Two year
4476-OSWTN,0.16943863,110.55,One year
3751-KTZEL,0.5433756,35.05,Month-to-month
1977-STDKI,0.8542042,73.0,Month-to-month
5066-GFJMM,0.19041628,19.9,Month-to-month
2661-GKBTK,0.023479778,76.95,Two year
0458-HEUZG,0.02750702,35.4,Two year
7268-WNTCP,0.009035791,20.45,Two year
0824-VWDPO,0.1174931,96.75,One year
8409-WQJUX,0.14101063,54.2,One year
2578-JQPHZ,0.05820947,100.1,Two year
3278-FSIXX,0.5674766,45.25,Month-to-month
5813-UECBU,0.42758164,83.85,Month-to-month
0328-GRPMV,0.83145255,70.1,Month-to-month
9746-UGFAC,0.027625712,20.85,One year
2946-KIQSP,0.20233066,33.45,Month-to-month
0625-AFOHS,0.010549523,20.2,Two year
6726-WEXXK,0.2358309,85.9,One year
4636-OLWOE,0.083709165,61.0,One year
4342-HENTK,0.7272086,70.65,Month-to-month
4685-ERGHK,0.15554535,86.9,One year
0885-HMGPY,0.013229499,69.4,Two year
5003-OKNNK,0.030985981,20.35,One year
4195-SMMNX,0.20072766,20.35,Month-to-month
7208-PSIHR,0.094931826,104.3,Two year
4012-ZTHBR,0.24793632,44.95,Month-to-month
0489-WMEMG,0.11965277,49.45,One year
7435-ZNUYY,0.05275181,20.6,One year
1354-YZFNB,0.023066802,19.55,Two year
6956-SMUCM,0.6752309,99.0,Month-to-month
2985-FMWYF,0.5660815,93.5,Month-to-month
2812-ENYMO,0.097640865,54.55,One year
2717-HVIZY,0.11789659,20.05,Month-to-month
3223-WZWJM,0.5539483,83.95,Month-to-month
3422-GALYP,0.76129735,79.45,Month-to-month
9053-JZFKV,0.05932828,116.2,Two year
2530-ENDWQ,0.064794526,93.7,Two year
2890-WFBHU,0.066373855,79.85,One year
0327-WFZSY,0.32299465,100.0,One year
7977-HXJKU,0.011245802,19.6,Two year
6615-ZGEDR,0.29691273,19.7,Month-to-month
7033-CLAMM,0.010376066,20.2,Two year
4023-RTIQM,0.1428008,50.4,One year
0864-FVJNJ,0.17381981,113.35,One year
7356-IWLFW,0.27205428,80.0,Month-to-month
9541-PWTWO,0.029991439,80.95,Two year
3967-VQOGC,0.01107062,24.9,Two year
7872-RDDLZ,0.15167765,54.9,Month-to-month
9250-WYPLL,0.5382358,75.55,Month-to-month
6308-CQRBU,0.12858553,109.25,Two year
2754-XBHTB,0.47650978,77.65,Month-to-month
1597-LHYNC,0.50349236,95.0,Month-to-month
0186-CAERR,0.18426833,116.3,One year
3043-SUDUA,0.05778972,19.9,Month-to-month
5442-BHQNG,0.6443359,70.35,Month-to-month
2169-RRLFW,0.011602184,25.6,Two year
5872-OEQNH,0.13581464,44.45,One year
3162-KKZXO,0.3719623,100.15,One year
7055-VKGDA,0.13915065,105.4,One year
0754-UKWQP,0.76609635,95.85,Month-to-month
8873-GLDMH,0.57812166,73.85,Month-to-month
5696-JVVQY,0.019968353,70.1,Two year
8946-BFWSG,0.010166807,25.25,Two year
7493-TPUWZ,0.8458266,79.15,Month-to-month
0547-HURJB,0.09718037,21.05,Month-to-month
8904-OPDCK,0.25551012,24.95,Month-to-month
8845-LWKGE,0.10026497,64.5,One year
1577-HKTFG,0.07045075,19.65,Month-to-month
8752-STIVR,0.744518,79.0,Month-to-month
0691-NIKRI,0.26206407,105.95,One year
5022-JNQEQ,0.5660338,75.85,Month-to-month
4558-FANTW,0.3643277,91.85,Month-to-month
3249-VHRIP,0.036526006,43.6,Two year
3736-BLEPA,0.13498521,91.25,One year
4701-LKOZD,0.017367117,89.75,Two year
6603-QWSPR,0.09616548,104.4,Two year
9921-QFQUL,0.35613883,90.15,Month-to-month
1929-ZCBHE,0.045392092,40.3,One year
4378-MYPGO,0.064716235,105.25,Two year
8651-ENBZX,0.30337775,106.0,One year
4129-LYCOI,0.1210326,104.0,Two year
7798-JVXYM,0.24804811,69.65,Month-to-month
8647-SDTWQ,0.33772346,74.3,Month-to-month
2696-ECXKC,0.15140182,100.9,One year
2081-KJSQF,0.36869204,20.25,Month-to-month
7623-TRNQN,0.492549,49.9,Month-to-month
3323-CPBWR,0.4321465,96.9,Month-to-month
9330-IJWIO,0.64913344,100.35,Month-to-month
3384-CTMSF,0.49729612,104.1,Month-to-month
0902-RFHOF,0.023223374,20.1,One year
9286-DOJGF,0.37470913,74.95,Month-to-month
6048-QBXKL,0.5615641,56.55,Month-to-month
9661-MHUMO,0.5419413,49.25,Month-to-month
7718-RXDGG,0.40776062,68.6,Month-to-month
1025-FALIX,0.3334799,69.05,Month-to-month
3451-VAWLI,0.013000309,19.7,Two year
3407-QGWLG,0.20537505,20.05,Month-to-month
1842-EZJMK,0.3054672,103.7,Month-to-month
2347-WKKAE,0.27760214,94.4,Month-to-month
8735-DCXNF,0.17384513,54.95,Month-to-month
3214-IYUUQ,0.08357993,93.7,One year
1936-UAFEH,0.051020388,110.25,Two year
3587-PMCOY,0.52914137,98.9,One year
8079-XRJRS,0.080617756,89.75,One year
1027-LKKQQ,0.020279098,80.45,Two year
7148-XZPHA,0.22478916,79.4,Month-to-month
8073-IJDCM,0.43111926,20.3,Month-to-month
5309-TAIKL,0.20078436,62.8,Month-to-month
6856-RAURS,0.62390745,74.9,Month-to-month
8778-LMWTJ,0.48816875,74.85,Month-to-month
9717-IOAAF,0.016986895,25.85,Two year
8884-ADFVN,0.8149673,101.95,Month-to-month
2845-KDHVX,0.013714881,68.3,Two year
0848-SOMKO,0.019006897,48.4,Two year
2720-WGKHP,0.8257033,94.0,Month-to-month
6734-FQAJX,0.08725204,105.05,Two year
2869-ADAWR,0.32350183,89.3,Month-to-month
1535-VTJOQ,0.015274491,25.15,Two year
6368-TZZDT,0.0231673,19.5,Two year
0943-ZQPXH,0.30578583,92.95,Month-to-month
1293-BSEUN,0.010045771,20.7,Two year
9894-EZEWG,0.6929548,74.3,Month-to-month
1302-TPUBN,0.013646614,19.35,Two year
7851-FLGGQ,0.4937797,44.65,Month-to-month
0637-UBJRP,0.44732463,84.05,Month-to-month
0940-OUQEC,0.5757311,80.7,Month-to-month
2378-VTKDH,0.482652,104.35,Month-to-month
0927-CNGRH,0.29697263,19.55,Month-to-month
8608-OZTLB,0.05460309,74.05,One year
2335-GSODA,0.019809661,40.1,Two year
1952-DVVSW,0.048198912,20.1,One year
0702-PGIBZ,0.7910059,101.7,Month-to-month
6656-GULJQ,0.01699618,83.55,Two year
9853-JFZDU,0.1269996,56.85,Month-to-month
1963-VAUKV,0.29828918,20.4,Month-to-month
3777-XROBG,0.010549942,19.55,Two year
6994-FGRHH,0.28292236,106.15,One year
4000-VGMQP,0.12830102,78.95,One year
3999-WRNGR,0.22728753,49.75,Month-to-month
3466-RITXD,0.3722542,92.4,Month-to-month
2680-XKKNJ,0.06518155,58.2,One year
3058-HJCUY,0.30117103,102.6,One year
2974-GGUXS,0.3731855,91.95,Month-to-month
7994-XIRTR,0.082749195,65.25,One year
3259-FDWOY,0.11790507,106.0,Two year
2101-RANCD,0.36872113,73.1,Month-to-month
7921-BEPCI,0.014335097,59.75,Two year
0807-ZABDG,0.25820306,55.1,Month-to-month
8510-TMWYB,0.029815128,59.8,Two year
3258-ZKPAI,0.050034873,116.6,Two year
1428-IEDPR,0.16419543,109.3,Two year
5298-GSTLM,0.19120944,101.4,One year
4450-YOOHP,0.24907865,50.65,Month-to-month
6728-CZFEI,0.10144468,56.15,One year
5748-RNCJT,0.107215285,106.5,Two year
3653-NCRDJ,0.04310728,19.2,One year
6121-TNHBO,0.07064046,83.0,One year
5119-NZPTV,0.66268104,70.1,Month-to-month
6519-ZHPXP,0.063094504,108.3,Two year
7739-LAXOG,0.35529572,91.05,Month-to-month
3472-QPRCH,0.013566423,25.25,Two year
8224-UAXBZ,0.10857021,45.35,One year
9610-WCESF,0.053978067,43.9,Two year
9776-CLUJA,0.34177908,77.5,Month-to-month
2486-WYVVE,0.13814253,79.3,One year
3865-ZYKAD,0.18230012,84.9,Month-to-month
1422-DGUBX,0.19422509,79.25,One year
2999-AANRQ,0.020797877,71.05,Two year
8668-KNZTI,0.07560652,53.75,One year
0480-KYJVA,0.010531128,24.25,Two year
6034-ZRYCV,0.039822783,54.2,Two year
9746-YKGXB,0.08155822,44.25,One year
3926-YZVVX,0.051411055,50.05,One year
6000-UKLWI,0.014628738,20.15,Two year
2079-FBMZK,0.45731044,69.25,Month-to-month
6332-FBZRI,0.032691766,69.35,One year
2096-XOTMO,0.10728761,19.35,Month-to-month
3266-FTKHB,0.01987305,19.15,Two year
8221-EQDGL,0.104067765,61.0,Month-to-month
2346-LOCWC,0.012115301,20.5,Two year
6608-QQLVK,0.6710787,50.5,Month-to-month
0298-XACET,0.024740972,50.2,Two year
7560-QJAVJ,0.018777417,79.6,Two year
2995-YWTCD,0.016360758,24.9,Two year
3551-HUAZH,0.8844784,74.4,Month-to-month
9137-UIYPG,0.36607933,106.9,Month-to-month
2809-ZMYOQ,0.55243206,101.35,Month-to-month
5084-OOVCJ,0.17844236,55.35,Month-to-month
0254-WWRKD,0.046239134,50.55,One year
7727-SHVZV,0.1152841,19.5,Month-to-month
6302-JGYRJ,0.100273244,79.45,One year
5339-PXDVH,0.6141251,90.65,Month-to-month
2205-LPVGL,0.06422351,89.85,One year
8782-NUUOL,0.08529233,79.0,One year
3685-YLCMQ,0.3322533,104.65,One year
7601-WFVZV,0.28160918,19.55,Month-to-month
4609-KNNWG,0.012397327,19.9,Two year
4868-AADLV,0.2024189,116.25,One year
9529-OFXHY,0.5123954,87.75,Month-to-month
8634-MPHTR,0.5289504,100.05,Month-to-month
2669-QVCRG,0.2942239,81.3,Month-to-month
2478-EEWWM,0.31928113,44.3,Month-to-month
9174-IHETN,0.028216483,70.35,Two year
2233-TXSIU,0.091954015,44.45,One year
9644-UMGQA,0.28126472,49.15,Month-to-month
3256-EZDBI,0.23094602,29.45,Month-to-month
8761-NSOBC,0.3364466,100.55,Month-to-month
0419-YAAPX,0.2730007,85.3,Month-to-month
8413-VONUO,0.7214309,95.65,Month-to-month
0872-CASZJ,0.07548849,69.1,One year
4726-DLWQN,0.15819934,70.35,Month-to-month
8164-OCKUJ,0.009186056,20.6,Two year
3094-JOJAI,0.32368863,74.15,Month-to-month
9494-MRNYX,0.55605626,75.05,Month-to-month
2599-CZABP,0.0977314,44.6,One year
7945-PRBVF,0.013925447,21.45,Two year
4544-RXFMG,0.10351909,43.45,One year
0859-YGKFW,0.02686619,20.05,One year
1150-FTQGN,0.0625023,94.15,One year
9223-UCPVT,0.7814107,94.4,Month-to-month
7196-LIWRH,0.023514604,19.55,Two year
5448-VWNAM,0.1315771,75.9,Month-to-month
1177-XZBJL,0.03579422,64.15,One year
3518-FSTWG,0.07219324,109.55,Two year
9330-VOFSZ,0.10310955,110.8,Two year
4351-QLCSU,0.6091492,55.0,Month-to-month
0939-EREMR,0.16990454,53.45,Month-to-month
9389-ACWBI,0.45048204,69.95,Month-to-month
5419-JPRRN,0.89557475,101.45,Month-to-month
3644-QXEHN,0.5638878,97.0,Month-to-month
2911-IJORQ,0.07839484,90.6,One year
5921-NGYRH,0.13807146,73.55,Month-to-month
2100-BDNSN,0.26424614,67.95,Month-to-month
5998-DZLYR,0.11534995,94.35,Two year
0488-GSLFR,0.82939637,69.5,Month-to-month
9318-NKNFC,0.27427888,18.85,Month-to-month
3985-HOYPM,0.023311084,19.4,One year
9728-FTTVZ,0.807107,69.2,Month-to-month
9548-LERKT,0.014303082,19.75,Two year
6576-FBXOJ,0.21777049,54.6,One year
4310-KEDTB,0.17962539,29.8,Month-to-month
7254-IQWOZ,0.7992986,69.65,Month-to-month
2474-BRUCM,0.36946583,101.85,Month-to-month
4062-HBMOS,0.52448744,103.05,Month-to-month
0742-NXBGR,0.8012345,82.3,Month-to-month
2676-ISHSF,0.29123053,20.3,Month-to-month
9236-NDUCW,0.026295066,35.1,Two year
4753-PADAS,0.22100355,105.7,One year
6103-QCKFX,0.10575741,56.25,Month-to-month
7781-EWARA,0.07832507,60.35,One year
6110-OHIHY,0.60288036,79.25,Month-to-month
7018-FPXHH,0.022436738,59.8,Two year
5889-LFOLL,0.74990696,84.6,Month-to-month
5708-EVONK,0.158256,93.4,Month-to-month
8708-XPXHZ,0.40759975,94.2,Month-to-month
0616-ATFGB,0.7102647,25.05,Month-to-month
0572-ZJKLT,0.05104497,99.65,Two year
5135-RDDQL,0.01601421,50.65,Two year
1353-LJWEM,0.22838937,60.9,Month-to-month
1794-SWWKL,0.23496093,59.65,Month-to-month
6166-YIPFO,0.027349291,64.7,Two year
7016-BPGEU,0.19149338,25.1,Month-to-month
6876-ADESB,0.5871722,48.95,Month-to-month
9332-GYWLO,0.29795367,54.85,Month-to-month
1963-SVUCV,0.56779283,45.3,Month-to-month
4184-VODJZ,0.18299939,91.35,One year
0220-EBGCE,0.7048371,85.85,Month-to-month
1092-WPIVQ,0.0146212885,25.1,Two year
7233-IOQNP,0.10754557,34.0,Month-to-month
2834-JKOOW,0.07395008,45.9,One year
2754-VDLTR,0.645675,95.2,Month-to-month
2400-FEQME,0.009452688,20.5,Two year
3190-XFANI,0.19263326,100.6,One year
7551-DACSP,0.26081306,55.3,Month-to-month
4957-SREEC,0.009164097,20.35,Two year
7235-NXZCP,0.6908416,74.85,Month-to-month
0230-UBYPQ,0.082092635,36.1,One year
4923-ADWXJ,0.13792014,65.8,Month-to-month
1763-KUAAW,0.03926715,20.35,One year
1104-TNLZA,0.5505184,105.8,Month-to-month
5195-KPUNQ,0.08564675,96.75,One year
0520-FDVVT,0.2429966,102.35,One year
3439-GVUSX,0.44585878,24.4,Month-to-month
1444-VVSGW,0.17709705,115.65,One year
5712-PTIWW,0.6624333,79.85,Month-to-month
5949-HGVJL,0.20733556,73.05,Month-to-month
5203-XEHAX,0.084582776,64.35,One year
1635-HDGFT,0.011646708,20.5,Two year
3315-TOTBP,0.48544124,76.0,Month-to-month
8050-XGRVL,0.032290604,54.75,One year
6661-HBGWL,0.4485919,104.75,Month-to-month
1518-VOWAV,0.23270139,74.65,Month-to-month
9828-QHFBK,0.1964931,51.15,Month-to-month
3908-MKIMJ,0.106654905,41.95,Two year
5012-YSPJJ,0.108630724,54.35,Month-to-month
5909-ECHUI,0.6750836,56.25,Month-to-month
1309-BXVOQ,0.55410606,106.1,Month-to-month
6728-VOIFY,0.17222811,96.0,One year
9317-WZPGV,0.67230886,79.75,Month-to-month
4891-NLUBA,0.021914674,61.45,Two year
2856-HYAPG,0.73735476,68.65,Month-to-month
8969-PRHFK,0.027317854,19.65,One year
0661-KQHNK,0.061666694,19.0,One year
8709-KRDVL,0.5396109,100.0,Month-to-month
4488-PSYCG,0.07820218,20.25,Month-to-month
1427-VERSM,0.3086214,98.7,Month-to-month
9801-NOSHQ,0.028770033,19.8,One year
6339-YPSAH,0.5803972,73.8,Month-to-month
3621-CEOVK,0.6800359,100.2,Month-to-month
6906-ANDWJ,0.5243565,74.9,Month-to-month
2159-TURXX,0.13889284,20.05,Month-to-month
1548-FEHVL,0.34342423,106.2,Month-to-month
3795-CAWEX,0.05482998,116.55,Two year
6215-NQCPY,0.6807844,99.7,Month-to-month
5647-URDKA,0.020293761,19.7,Two year
2229-DPMBI,0.01931685,19.5,Two year
9626-WEQRM,0.34620917,29.15,Month-to-month
2188-SXWVT,0.052281726,55.0,One year
6258-PVZWJ,0.01787872,90.8,Two year
1094-BKOSX,0.06851845,51.0,One year
6969-MVBAI,0.7327094,90.1,Month-to-month
2978-XXSOG,0.15848477,59.05,Month-to-month
2342-CKIAO,0.16857252,20.3,Month-to-month
6953-PBDIN,0.019440413,72.95,Two year
3898-BSJYF,0.114037715,73.55,One year
3938-YFPXD,0.02054893,84.3,Two year
7696-AMHOD,0.09893749,78.0,One year
2453-SAFNS,0.07066534,72.1,One year
9558-IHEZX,0.095619895,106.75,Two year
9617-UDPEU,0.039276876,19.25,One year
6340-DACFT,0.010549942,20.55,Two year
4955-VCWBI,0.023515163,20.0,One year
6813-GZQCG,0.015287443,24.65,Two year
7426-GSWPO,0.2818296,103.5,Month-to-month
3389-KTRXV,0.013548518,23.85,Two year
3118-UHVVQ,0.009050148,25.8,Two year
1031-IIDEO,0.8294366,70.85,Month-to-month
5832-XKAES,0.5492972,69.8,Month-to-month
3205-MXZRA,0.05910165,59.45,One year
4701-AHWMW,0.17830291,54.55,Month-to-month
8317-BVKSO,0.14708883,20.05,Month-to-month
5702-KVQRD,0.029317256,82.55,Two year
0083-PIVIK,0.04445023,81.25,One year
9210-IAHGH,0.22685172,70.75,Month-to-month
6169-PGNCD,0.019062078,74.3,Two year
0023-XUOPT,0.49816704,94.1,Month-to-month
4592-IWTJI,0.30338046,29.7,Month-to-month
4909-JOUPP,0.09124004,109.7,Two year
4657-FWVFY,0.3188518,96.35,Month-to-month
2257-BOVXD,0.2247013,66.6,Month-to-month
7729-JTEEC,0.63696086,44.5,Month-to-month
7632-MNYOY,0.14681834,110.9,One year
6518-LGAOV,0.4945678,105.0,Month-to-month
7242-QZLXF,0.6543331,25.3,Month-to-month
4576-CSAJH,0.058761958,55.15,One year
1000-AJSLD,0.35822853,20.1,Month-to-month
9696-RMYBA,0.60030854,80.1,Month-to-month
8690-UPCZI,0.061443813,69.05,One year
1062-LHZOD,0.7168175,69.9,Month-to-month
9770-LXDBK,0.16193146,20.4,Month-to-month
4086-WITJG,0.008899793,19.7,Two year
8344-WFMFH,0.28208548,50.1,Month-to-month
9600-NAXZN,0.5481093,101.4,Month-to-month
8822-KNBHV,0.09177502,83.45,One year
8404-FYDIB,0.31975403,86.65,Month-to-month
2791-SFVEW,0.10831941,20.15,Month-to-month
6457-USBER,0.8624635,80.8,Month-to-month
6762-NSODU,0.010712121,19.4,Two year
4662-EKDPQ,0.4773082,62.05,Month-to-month
9248-OJYKK,0.84534866,76.45,Month-to-month
9888-ZCUMM,0.017046787,60.05,Two year
3398-FSHON,0.74298126,91.3,Month-to-month
3319-DWOEP,0.7279536,95.75,Month-to-month
1074-WVEVG,0.024169438,20.35,One year
9979-RGMZT,0.3994429,94.05,One year
6437-UDQJM,0.029841462,84.1,Two year
1226-IENZN,0.64883566,78.75,Month-to-month
2108-GLPQB,0.12546784,55.55,Month-to-month
9259-PACGQ,0.13568588,62.65,Month-to-month
4415-IJZTP,0.8294764,74.5,Month-to-month
1465-VINDH,0.70217025,102.1,Month-to-month
5474-LAMUQ,0.023066318,20.1,One year
3468-DRVQJ,0.09056203,70.3,One year
1122-YJBCS,0.03738698,53.65,One year
4990-ALDGW,0.013658602,20.75,Two year
4816-OKWNX,0.14481796,103.4,One year
3315-IKYZQ,0.058031734,50.8,One year
2810-FTLEM,0.22594404,50.15,Month-to-month
4747-LCAQL,0.1345226,79.0,Month-to-month
3411-WLRSQ,0.59575117,74.6,Month-to-month
0898-XCGTF,0.20678566,96.5,One year
8006-PYCSW,0.18134427,20.1,Month-to-month
8249-THVEC,0.033175074,19.4,One year
8722-PRFDV,0.01994568,77.55,Two year
2164-SOQXL,0.052703936,20.05,Month-to-month
4020-KIUDI,0.11816078,19.85,Month-to-month
5850-BDWCY,0.122769125,20.2,Month-to-month
2038-YSEZE,0.094809756,67.45,Month-to-month
0827-ITJPH,0.017923648,18.55,Two year
8799-OXZMD,0.19602184,29.75,Month-to-month
1925-TIBLE,0.7121963,86.5,Month-to-month
1705-GUHPV,0.00920205,24.2,Two year
4779-ZGICK,0.0106259445,23.55,Two year
0048-PIHNL,0.03212754,20.45,One year
0818-OCPZO,0.53032947,81.45,Month-to-month
3967-KXAPS,0.05252227,92.3,Two year
1447-GIQMR,0.8067427,69.15,Month-to-month
3704-IEAXF,0.030014899,53.65,Two year
6810-VCAEX,0.049751285,39.65,One year
0674-EYYZV,0.70636636,54.65,Month-to-month
4480-MBMLB,0.26925585,104.8,One year
1395-OFUWC,0.13653716,29.3,Month-to-month
0822-QGCXA,0.22548072,83.85,Month-to-month
0872-NXJYS,0.63210446,79.55,Month-to-month
2832-KJCRD,0.44486046,103.65,Month-to-month
3588-WSTTJ,0.52053255,99.05,Month-to-month
4075-WKNIU,0.08640213,73.35,Two year
5090-EMGTC,0.094014935,100.05,Two year
2346-CZYIL,0.011435953,20.35,Two year
3798-EPWRR,0.60048187,43.95,Month-to-month
6258-NGCNG,0.12947677,23.5,Month-to-month
4186-ZBUEW,0.09047643,70.7,One year
5274-XHAKY,0.28085798,94.3,Month-to-month
1442-BQPVU,0.2654754,29.15,Month-to-month
3978-YNKDD,0.011370801,20.85,Two year
4940-KHCWD,0.021817096,37.7,Two year
9412-ARGBX,0.04014722,95.5,Two year
1389-CXMLU,0.70235056,91.05,Month-to-month
9589-ABEPT,0.03162009,92.45,Two year
9388-ZEYVT,0.10880149,44.15,One year
0305-SQECB,0.07513285,36.05,One year
7605-SNLQG,0.16018839,50.25,Month-to-month
4670-TABXH,0.085768,109.75,Two year
5561-NWEVX,0.7363903,79.2,Month-to-month
0064-SUDOG,0.015804434,20.3,Two year
8561-NMTBD,0.15218024,112.35,One year
5161-XEUVX,0.06634168,94.3,Two year
8292-FRFZQ,0.06384707,41.15,One year
8591-NXRCV,0.1399481,74.65,Month-to-month
7895-VONWT,0.31783828,48.25,Month-to-month
4526-RMTLL,0.029897409,76.15,Two year
6253-GNHWH,0.01630585,71.1,Two year
4566-NECEV,0.6923679,96.55,Month-to-month
8080-POTJR,0.13861881,79.3,One year
6906-MPARY,0.12414619,89.6,One year
3662-FXJFO,0.014352537,20.5,Two year
8107-RZLNV,0.13930686,106.3,Two year
0516-OOHAR,0.24507111,100.35,One year
2027-CWDNU,0.4610844,85.6,Month-to-month
2737-WFVYW,0.70804375,45.25,Month-to-month
9912-OMZDS,0.34408277,106.15,One year
3733-ZEECP,0.21371819,51.1,Month-to-month
7878-RTCZG,0.29371142,19.9,Month-to-month
2452-MRMZF,0.018692404,25.7,Two year
2272-QAGFO,0.63302875,74.3,Month-to-month
7103-IPXPJ,0.27306047,99.4,One year
4342-HFXWS,0.046025317,69.7,One year
3545-CNWRG,0.43375373,98.35,Month-to-month
1785-BPHTP,0.4033489,85.45,Month-to-month
4989-LIXVT,0.3366976,95.9,Month-to-month
7315-WYOAW,0.58793145,100.75,Month-to-month
1173-XZPYF,0.7402588,89.2,Month-to-month
9850-OWRHQ,0.62288344,74.1,Month-to-month
3768-NLUBH,0.41964963,100.6,Month-to-month
8676-TRMJS,0.5156748,75.0,Month-to-month
2509-TFPJU,0.009402804,25.75,Two year
9530-GRMJG,0.03356447,84.1,Two year
6898-RBTLU,0.024340061,79.3,Two year
5481-NTDOH,0.18815412,107.05,One year
2068-WWXQZ,0.013451939,20.05,Two year
7359-SSBJK,0.015836544,70.2,Two year
2061-VVFST,0.06430855,19.5,Month-to-month
0685-MLYYM,0.61429226,70.75,Month-to-month
0749-IRGQE,0.38793948,45.3,Month-to-month
2380-DAMQP,0.061012667,115.15,Two year
2256-YLYLP,0.020294989,72.95,Two year
1272-ILHFG,0.028597461,19.65,One year
0164-XAIRP,0.020269083,19.55,Two year
5666-CYCYZ,0.46795887,89.55,Month-to-month
4011-ARPHK,0.09667697,50.35,Month-to-month
8182-PNAGI,0.1786345,50.25,Month-to-month
6365-HITVU,0.016525589,87.25,Two year
7558-IMLMT,0.009451126,20.8,Two year
9488-FYQAU,0.0826861,109.25,Two year
3590-TCXTB,0.29126096,20.35,Month-to-month
6994-KERXL,0.4535904,55.9,Month-to-month
7957-RYHQD,0.27645293,79.2,Month-to-month
2180-DXNEG,0.7532543,96.0,Month-to-month
1960-UOTYM,0.03415374,79.2,Two year
2740-JFBOK,0.19735307,24.0,Month-to-month
6500-JVEGC,0.1101211,101.35,One year
5515-AKOAJ,0.4002103,100.1,Month-to-month
8976-OQHGT,0.25930044,56.5,Month-to-month
5245-VDBUR,0.047747556,35.45,One year
6230-BSUXY,0.8359513,85.0,Month-to-month
8469-SNFFH,0.05765817,79.4,One year
2144-ESWKO,0.09636222,35.2,One year
1241-FPMOF,0.014281532,19.65,Two year
9928-BZVLZ,0.02965518,49.85,Two year
4114-QMKVN,0.061557695,68.75,One year
2775-SEFEE,0.07562903,61.9,Two year
9003-CPATH,0.39288753,79.9,Month-to-month
1754-GKYPY,0.48904577,89.75,Month-to-month
5294-CDGWY,0.09448549,59.3,One year
7956-XQWGU,0.10301158,19.4,Month-to-month
1591-MQJTP,0.1476749,93.65,One year
5295-PCJOO,0.3578199,49.4,Month-to-month
2369-FEVNO,0.4429448,19.9,Month-to-month
9863-JZAIC,0.119250625,55.0,Month-to-month
7471-MQPOS,0.085009284,72.9,One year
7660-HDPJV,0.80242693,69.2,Month-to-month
5115-SQAAU,0.013675584,25.6,Two year
9845-QOMAD,0.039960075,19.75,One year
7672-VFMXZ,0.16788878,55.7,Month-to-month
9739-JLPQJ,0.051165063,117.5,Two year
9916-AYHTC,0.016508393,19.85,Two year
3855-ONCAR,0.64368767,78.9,Month-to-month
1488-SYSFC,0.09643854,20.65,Month-to-month
7931-PXHFC,0.082550876,62.3,One year
3990-QYKBE,0.46968532,92.5,Month-to-month
0970-QXPXW,0.289712,19.65,Month-to-month
3259-KNMRR,0.04585005,79.75,Two year
6120-RJKLU,0.039608154,79.95,Two year
9572-WUKSB,0.5197203,29.9,Month-to-month
5893-KCLGT,0.011244322,19.75,Two year
0076-LVEPS,0.1535005,45.0,Month-to-month
3640-JQGJG,0.14899364,44.8,Month-to-month
4919-MOAVT,0.5802972,69.65,Month-to-month
1596-OQSPS,0.2235065,51.1,Month-to-month
9867-XOBQA,0.023458047,53.15,Two year
9546-KDTRB,0.075452276,24.7,Month-to-month
3090-HAWSU,0.0924697,111.6,Two year
9820-RMCQV,0.14003332,48.55,Month-to-month
3174-RKMOW,0.4008564,109.95,Month-to-month
1760-CAZHT,0.06352654,20.8,Month-to-month
7839-QRKXN,0.36869204,20.2,Month-to-month
8441-SHIPE,0.014886757,25.6,Two year
5204-QZXPU,0.37625945,39.65,Month-to-month
4597-ELFTS,0.036831744,24.9,One year
1320-GVNHT,0.09925001,108.4,Two year
1047-RNXZV,0.011045298,19.55,Two year
3541-ZNUHK,0.26182348,85.1,Month-to-month
8450-JOVAH,0.3315105,56.7,Month-to-month
8725-JEDFD,0.33796272,69.05,Month-to-month
7562-UXTPG,0.47951123,70.15,Month-to-month
8071-SBTRN,0.068452805,111.15,Two year
1113-IUJYX,0.29935986,105.95,One year
6668-CNMFP,0.1863919,89.35,One year
5626-MGTUK,0.37757963,89.1,Month-to-month
5681-LLOEI,0.05988082,91.25,One year
8212-DJRCH,0.46133777,90.35,Month-to-month
4323-OHFOW,0.1790863,105.55,One year
4933-BSAIP,0.012644021,19.1,Two year
2030-BTZRO,0.01996226,20.4,Two year
1116-DXXDF,0.13273434,100.45,Two year
9274-CNFMO,0.66350186,74.95,Month-to-month
7758-XKCBS,0.28604913,29.7,Month-to-month
8992-JQYUN,0.730355,50.35,Month-to-month
6563-VNPMN,0.20614116,85.7,Month-to-month
0617-AQNWT,0.025577541,47.85,Two year
2267-WTPYD,0.323479,94.0,Month-to-month
0270-THENM,0.013591666,69.85,Two year
2446-PLQVO,0.81108385,70.3,Month-to-month
4707-MAXGU,0.011284338,25.85,Two year
2710-WYVXG,0.036599718,71.1,Two year
3005-NFMTA,0.38066423,98.8,Month-to-month
6300-BWMJX,0.272834,93.35,Month-to-month
8784-CGILN,0.4843251,99.85,Month-to-month
5389-FFVKB,0.3961283,80.3,Month-to-month
7009-LGECI,0.25058857,50.55,Month-to-month
8444-WRIDW,0.20071843,80.45,Month-to-month
5022-KVDQT,0.48858798,81.3,Month-to-month
7976-CICYS,0.14140032,20.7,Month-to-month
1036-GUDCL,0.115620516,79.05,Month-to-month
2005-DWQZJ,0.019832933,19.05,Two year
8148-WOCMK,0.022712443,19.6,Two year
7815-PDTHL,0.016734665,20.2,Two year
9451-LPGOO,0.70322675,86.8,Month-to-month
9173-IVZVP,0.010914428,20.9,Two year
9129-UXERG,0.5156531,103.6,Month-to-month
3635-JBPSG,0.06704834,38.8,Two year
7964-ZRKKG,0.11848911,88.4,One year
5868-YWPDW,0.68772227,84.2,Month-to-month
6229-LSCKB,0.7019283,79.7,Month-to-month
2025-JKFWI,0.5009045,99.0,Month-to-month
4078-SAYYN,0.79097176,100.75,Month-to-month
1724-IQWNM,0.32706818,19.3,Month-to-month
8217-QYOHV,0.2408628,55.75,Month-to-month
5546-QUERU,0.059520435,19.95,One year
9940-HPQPG,0.39606032,91.75,Month-to-month
6897-UUBNU,0.27006957,89.65,Month-to-month
6127-IYJOZ,0.65389276,45.85,Month-to-month
6618-RYATB,0.80146873,79.55,Month-to-month
8930-XOTDP,0.1611881,55.95,Month-to-month
5916-QEWPT,0.37903866,69.0,Month-to-month
5060-TQUQN,0.31943613,83.55,Month-to-month
0531-XBKMM,0.014573427,65.7,Two year
8465-SBRXP,0.072505765,94.9,Two year
2408-PSJVE,0.12804876,61.9,Month-to-month
9079-YEXQJ,0.39253718,111.1,Month-to-month
9700-ZCLOT,0.3251135,20.0,Month-to-month
8738-JOKAR,0.09028126,67.7,One year
4534-WGCIR,0.013322565,25.15,Two year
1930-WNXSB,0.35868198,92.85,Month-to-month
2685-SREOM,0.5537219,89.1,Month-to-month
3508-CFVZL,0.0352267,111.3,Two year
0402-CQAJN,0.42098036,101.9,Month-to-month
6692-UDPJC,0.52250826,91.65,Month-to-month
1273-MTETI,0.7487167,88.85,Month-to-month
0657-DOGUM,0.0686523,60.6,One year
5480-HPRRX,0.68443024,25.3,Month-to-month
8792-AOROI,0.024091108,65.5,Two year
0295-PPHDO,0.89043,95.45,Month-to-month
5146-YYFRZ,0.010042238,19.95,Two year
1195-OIYEJ,0.69925183,91.1,Month-to-month
5906-CVLHP,0.04753565,54.15,One year
3452-SRFEG,0.27594557,74.6,Month-to-month
4070-OKWVH,0.27643102,94.6,Month-to-month
5297-MDOIR,0.03945496,81.15,One year
6369-MCAKO,0.015051364,89.05,Two year
4926-UMJZD,0.12688002,49.2,Month-to-month
6848-HJTXY,0.008536272,19.45,Two year
6341-AEVKX,0.16293994,104.3,One year
4501-EQDRN,0.7194275,69.7,Month-to-month
2990-HWIML,0.7236481,89.5,Month-to-month
0682-USIXD,0.44447675,86.05,Month-to-month
6976-BWGLQ,0.009049464,25.2,Two year
7078-NVFAM,0.24036467,35.15,Month-to-month
8065-QBYTO,0.09976689,99.65,One year
2133-TSRRM,0.2964002,105.35,Month-to-month
7384-GHBPI,0.66209424,35.15,Month-to-month
7603-USHJS,0.5321788,73.75,Month-to-month
7234-FECYN,0.70419437,101.35,Month-to-month
2511-ALLCS,0.012454456,24.3,Two year
3191-CSNMG,0.734426,80.7,Month-to-month
7952-OBOYL,0.5646226,89.85,Month-to-month
7470-DYNOE,0.14089048,61.1,One year
7853-OETYL,0.5356585,29.05,Month-to-month
1545-ACTAS,0.19665326,99.7,One year
5876-HZVZM,0.1611949,55.9,Month-to-month
1400-MMYXY,0.84029686,105.9,Month-to-month
5126-RCXYW,0.02501065,46.0,Two year
3085-QUOZK,0.47281158,43.95,Month-to-month
2363-BJLSL,0.10987571,80.4,Month-to-month
1956-YIFGE,0.31663504,100.05,One year
3926-CUQZX,0.57191885,45.1,Month-to-month
7921-LMDFQ,0.20538945,94.0,One year
2925-MXLSX,0.08867983,68.95,One year
5820-PTRYM,0.054478426,68.45,One year
9609-BENEA,0.113116615,69.0,One year
6211-WHMYA,0.21858202,43.85,Month-to-month
4459-BBGHE,0.30246875,44.5,Month-to-month
9945-PSVIP,0.020155596,18.7,Two year
1041-RXHRA,0.2724441,70.25,Month-to-month
1750-CSKKM,0.25563532,55.35,Month-to-month
9108-EJFJP,0.4611286,53.55,Month-to-month
0530-IJVDB,0.0784907,114.6,Two year
0508-SQWPL,0.016393641,20.1,Two year
2215-ZAFGX,0.71463823,85.5,Month-to-month
8213-TAZPM,0.16666347,108.75,One year
7142-HVGBG,0.5671154,103.0,Month-to-month
1304-SEGFY,0.1231285,97.85,Two year
7242-EDTYC,0.014876991,19.55,Two year
2904-GGUAZ,0.023929108,84.05,Two year
8267-ZNYVZ,0.26514506,103.75,One year
5136-GFPMB,0.2386219,89.4,Month-to-month
2595-KIWPV,0.014142051,19.7,Two year
5243-SAOTC,0.27212068,79.85,Month-to-month
9398-MMQTO,0.4990758,74.45,Month-to-month
7619-PLRLP,0.06935402,74.1,One year
6457-GIRWB,0.8067427,69.35,Month-to-month
6508-NJYRO,0.03613784,18.8,One year
1450-SKCVI,0.25131583,73.85,Month-to-month
4710-NKCAW,0.19560102,64.4,Month-to-month
5306-BVTKJ,0.08731852,55.8,One year
0357-NVCRI,0.06526245,20.05,Month-to-month
5570-PTWEH,0.6717063,75.15,Month-to-month
2371-KFUOG,0.15406266,99.15,One year
0463-ZSDNT,0.27525708,56.75,Month-to-month
6502-MJQAE,0.8262271,69.6,Month-to-month
6257-DTAYD,0.10178798,104.15,Two year
4616-ULAOA,0.06884094,110.8,Two year
7693-LCKZL,0.68836886,80.15,Month-to-month
7746-AWNQW,0.18889064,35.75,Month-to-month
5996-EBTKM,0.02407896,69.9,Two year
2758-RNWXS,0.16695747,89.2,One year
2314-TNDJQ,0.016280621,55.65,Two year
2405-LBMUW,0.059029315,50.7,One year
3454-JFUBC,0.013743122,20.0,Two year
0032-PGELS,0.35352546,30.5,Month-to-month
9039-ZVJDC,0.17781727,19.1,Month-to-month
6797-LNAQX,0.05434605,98.3,Two year
9013-AQORL,0.16971791,45.55,Month-to-month
2898-MRKPI,0.20422274,101.05,One year
2750-BJLSB,0.2518488,103.7,One year
3648-GZPHF,0.072315134,36.25,One year
2075-RMJIK,0.23593625,49.4,Month-to-month
9588-YRFHY,0.017978858,19.9,Two year
6394-MFYNG,0.4062875,107.4,Month-to-month
1564-NTYXF,0.7309435,82.0,Month-to-month
9364-YKUVW,0.12988444,19.8,Month-to-month
5392-AKEMH,0.30011138,45.05,Month-to-month
2451-YMUXS,0.023172125,64.55,Two year
3914-FDRHP,0.5564299,86.25,Month-to-month
3078-ZKNTS,0.024055239,19.75,Two year
1024-KPRBB,0.19000122,89.1,One year
4690-PKDQG,0.4686919,95.55,Month-to-month
8155-IBNHG,0.34976527,75.4,Month-to-month
0886-QGENL,0.50694096,101.25,Month-to-month
9547-ITEFG,0.7150598,102.6,Month-to-month
1264-FUHCX,0.14082794,56.3,One year
7789-CRUVC,0.1824827,94.2,Month-to-month
6598-KELSS,0.08208331,43.05,One year
8739-WWKDU,0.5873279,89.5,Month-to-month
8685-WHQPW,0.4258527,74.4,Month-to-month
4745-LSPLO,0.29126096,20.5,Month-to-month
8083-YTZES,0.69988656,74.35,Month-to-month
7240-FQLHE,0.47203603,99.75,Month-to-month
6664-FPDAC,0.2545432,111.95,One year
9972-VAFJJ,0.15288404,94.0,One year
0422-UXFAP,0.3148763,98.85,One year
1904-WAJAA,0.030067516,64.35,Two year
5130-YPIRV,0.021289472,72.0,Two year
2843-CQMEG,0.15779921,49.7,Month-to-month
6439-PKTRR,0.024200577,80.7,Two year
5351-QESIO,0.48840114,24.2,Month-to-month
0786-VSSUD,0.39262378,39.0,Month-to-month
5568-DMXZS,0.24702613,65.45,Month-to-month
8468-FZTOE,0.029712442,74.35,Two year
6633-SYEUS,0.27044854,83.2,Month-to-month
6447-GORXK,0.14630716,25.0,Month-to-month
6967-PEJLL,0.08042577,40.2,One year
3976-BWUCK,0.378266,94.1,Month-to-month
5981-ZVXOT,0.31827974,108.35,One year
1684-FLBGS,0.1664239,69.5,Month-to-month
1389-WNUIB,0.10246097,76.0,One year
0376-OIWME,0.33297342,93.6,Month-to-month
3585-ISXZP,0.5975958,95.65,Month-to-month
0218-QNVAS,0.18192077,100.55,One year
6583-QGCSI,0.4251902,88.05,Month-to-month
0804-YGEQV,0.03739813,24.45,One year
7164-BPTUT,0.020499753,89.55,Two year
4174-LPGTI,0.080428526,66.5,One year
2523-EWWZL,0.48234907,76.1,Month-to-month
0928-XUTSN,0.6377856,80.5,Month-to-month
2108-XWMPY,0.3830691,35.45,Month-to-month
0052-YNYOT,0.027737875,20.55,One year
6304-IJFSQ,0.4339997,49.9,Month-to-month
9586-JGQKH,0.08736753,105.4,Two year
4501-VCPFK,0.2014074,35.75,Month-to-month
6075-SLNIL,0.32419652,95.1,Month-to-month
9347-AERRL,0.027621716,19.3,One year
0093-XWZFY,0.43562847,104.5,Month-to-month
2274-XUATA,0.023847423,63.1,Two year
1980-KXVPM,0.7050839,75.05,Month-to-month
7703-ZEKEF,0.5079228,81.0,Month-to-month
0723-DRCLG,0.88528645,74.45,Month-to-month
5482-NUPNA,0.22660919,60.4,Month-to-month
6691-CCIHA,0.02888771,84.95,Two year
1685-BQULA,0.3074632,93.4,Month-to-month
9053-EJUNL,0.39655977,89.2,Month-to-month
0666-UXTJO,0.4342711,85.2,Month-to-month
1471-GIQKQ,0.5271833,49.95,Month-to-month
4807-IZYOZ,0.013637521,20.65,Two year
1122-JWTJW,0.7006663,70.65,Month-to-month
9710-NJERN,0.012859389,20.15,Two year
9837-FWLCH,0.14054088,19.2,Month-to-month
1699-HPSBG,0.1448849,59.8,One year
7203-OYKCT,0.31593388,104.95,One year
1035-IPQPU,0.43637258,103.5,Month-to-month
7398-LXGYX,0.24073175,84.8,Month-to-month
2823-LKABH,0.39758977,95.05,Month-to-month
8775-CEBBJ,0.22105193,44.2,Month-to-month
0550-DCXLH,0.18252015,73.35,Month-to-month
9281-CEDRU,0.012556757,64.1,Two year
2235-DWLJU,0.5985179,44.4,Month-to-month
0871-OPBXW,0.3131005,20.05,Month-to-month
3605-JISKB,0.066533715,60.0,One year
6894-LFHLY,0.88446766,75.75,Month-to-month
9767-FFLEM,0.2990183,69.5,Month-to-month
0639-TSIQW,0.25315088,102.95,Month-to-month
8456-QDAVC,0.47956046,78.7,Month-to-month
7750-EYXWZ,0.21266672,60.65,One year
2569-WGERO,0.012050321,21.15,Two year
6840-RESVB,0.10800828,84.8,One year
2234-XADUH,0.21324977,103.2,One year
4801-JZAZL,0.23744002,29.6,Month-to-month
8361-LTMKD,0.65578675,74.4,Month-to-month
3186-AJIEK,0.0737396,105.65,Two year
